city,year,type,data_index,data_rank,platform_index,platform_rank,total_index,total_rank,prepare_index,prepare_rank,valuable_num,use_index,valuable_num_prov,valuable_num_prov_area,use_rank,serve_index,assure_index,rank_2023
上海,2017,全国,86.6,1.0,74.2,3.0,82.88,1.0,,,,,,,,,,
东莞,2017,全国,71.8,4.0,44.0,12.0,63.459999999999994,5.0,,,,,,,,,,
佛山,2017,全国,56.6,7.0,75.10000000000002,1.0,62.150000000000006,6.0,,,,,,,,,,
北京,2017,全国,59.8,6.0,50.70000000000001,9.0,57.06999999999999,8.0,,,,,,,,,,
南海,2017,全国,37.8,14.0,45.60000000000001,11.0,40.14,13.0,,,,,,,,,,
哈尔滨,2017,全国,53.2,9.0,74.5,2.0,59.59,7.0,,,,,,,,,,
广东,2017,全国,39.4,12.0,51.70000000000001,8.0,43.09,11.0,,,,,,,,,,
广州,2017,全国,69.2,5.0,68.90000000000002,5.0,69.11,4.0,,,,,,,,,,
无锡,2017,全国,48.2,10.0,28.4,14.0,42.260000000000005,12.0,,,,,,,,,,
梅州,2017,全国,14.4,19.0,,,10.08,20.0,,,,,,,,,,
武汉,2017,全国,55.0,8.0,46.1,10.0,52.33,9.0,,,,,,,,,,
浙江,2017,全国,30.2,15.0,,,21.139999999999997,15.0,,,,,,,,,,
深圳,2017,全国,40.2,11.0,63.7,6.0,47.25,10.0,,,,,,,,,,
湛江,2017,全国,10.6,21.0,33.1,13.0,17.349999999999998,17.0,,,,,,,,,,
肇庆,2017,全国,18.4,16.0,,,12.879999999999999,19.0,,,,,,,,,,
荆门,2017,全国,16.2,17.0,21.200000000000006,16.0,17.7,16.0,,,,,,,,,,
贵州,2017,全国,38.4,13.0,26.200000000000003,15.0,34.74,14.0,,,,,,,,,,
贵阳,2017,全国,84.0,2.0,60.9,7.0,77.07,3.0,,,,,,,,,,
长沙,2017,全国,15.6,18.0,18.0,17.0,16.32,18.0,,,,,,,,,,
阳江,2017,全国,13.2,20.0,,,9.239999999999998,21.0,,,,,,,,,,
青岛,2017,全国,82.6,3.0,74.0,4.0,80.02,2.0,,,,,,,,,,
上海,2018,省级,52.133512678487776,1.0,57.1,3.0,60.20675633924389,1.0,79.46,2.0,1526.0,,,,,,,
东莞,2018,地级,45.969833619408405,,32.602999999999994,,42.5806668097042,,45.779999999999994,,,,,,,,,
东营,2018,地级,32.12978906966447,,61.202999999999996,,42.890644534832234,,46.1,,,,,,,,,
中山,2018,地级,28.06800609492383,,27.9,,29.334003047461913,,33.3,,,,,,,,,
临沂,2018,地级,34.13293216271335,,61.202999999999996,,38.942216081356676,,26.3,,,,,,,,,
乌海,2018,地级,25.370308123007014,,63.4,,37.260154061503506,,34.9,,,,,,,,,
佛山,2018,地级,75.83625239337593,,66.197,,62.14237619668796,,30.699999999999996,,,,,,,,,
六安,2018,地级,15.33693141702323,,26.602999999999998,,24.994215708511614,,42.7,,,,,,,,,
北京,2018,省级,50.90818901026612,2.0,48.53099999999999,6.0,49.68184450513306,5.0,48.379999999999995,9.0,955.0,,,,,,,
南京,2018,地级,21.957584942035318,,14.8,,28.778792471017656,,56.4,,,,,,,,,
哈尔滨,2018,地级,48.23992084688803,,68.603,,60.490710423444014,,76.88,,,,,,,,,
威海,2018,地级,39.485789983410214,,61.602999999999994,,47.58864499170511,,49.78,,,,,,,,,
宁夏,2018,省级,24.818457071125373,9.0,45.099999999999994,7.0,31.909228535562683,10.0,32.9,10.0,168.0,,,,,,,
宁波,2018,地级,31.300776541363863,,43.9,,37.62538827068193,,43.99999999999999,,,,,,,,,
宣城,2018,地级,27.287387872990408,,36.99700000000001,,35.0379439364952,,48.58,,,,,,,,,
山东,2018,省级,41.11865240091926,5.0,66.9,1.0,57.084326200459635,2.0,79.2,3.0,995.0,,,,,,,
广东,2018,省级,50.884684290194485,3.0,61.803,2.0,53.593092145097245,4.0,50.8,6.0,1752.0,,,,,,,
广州,2018,地级,51.95535325972935,,61.797000000000004,,51.22692662986467,,39.199999999999996,,,,,,,,,
德州,2018,地级,34.008597351194936,,61.602999999999994,,39.03004867559747,,26.5,,,,,,,,,
惠州,2018,地级,29.138837725104374,,55.300000000000004,,38.31941886255219,,39.7,,,,,,,,,
成都,2018,地级,40.00787580594814,,51.003,,50.12968790297407,,69.5,,,,,,,,,
扬州,2018,地级,21.683789451908922,,21.500000000000004,,25.23189472595446,,36.06,,,,,,,,,
无锡,2018,地级,28.34033216190937,,22.6,,32.195166080954685,,49.5,,,,,,,,,
日照,2018,地级,33.18723422220768,,61.202999999999996,,36.31936711110384,,17.7,,,,,,,,,
枣庄,2018,地级,29.487935828252056,,61.202999999999996,,40.36971791412603,,41.300000000000004,,,,,,,,,
梅州,2018,地级,29.498608632730576,,13.899999999999999,,27.049304316365287,,35.3,,,,,,,,,
武汉,2018,地级,23.801947443813592,,33.1,,32.3509737219068,,48.699999999999996,,,,,,,,,
江西,2018,省级,25.87651880708576,8.0,38.6,9.0,34.68825940354288,9.0,48.4,8.0,86.0,,,,,,,
江门,2018,地级,32.04508063976368,,61.4,,42.94254031988184,,46.28,,,,,,,,,
河南,2018,省级,41.53634038907539,4.0,55.903,4.0,46.883920194537694,6.0,48.559999999999995,7.0,257.0,,,,,,,
泰安,2018,地级,36.295895890646705,,61.202999999999996,,41.37369794532335,,31.7,,,,,,,,,
济南,2018,地级,43.571435994484204,,68.5,,49.9357179972421,,44.099999999999994,,,,,,,,,
济宁,2018,地级,28.450433392632107,,61.202999999999996,,38.05096669631605,,34.099999999999994,,,,,,,,,
浙江,2018,省级,30.163348685963353,7.0,23.200000000000003,10.0,37.091674342981676,7.0,64.84,4.0,355.0,,,,,,,
淄博,2018,地级,34.16285963238518,,61.202999999999996,,42.637179816192585,,41.019999999999996,,,,,,,,,
深圳,2018,地级,41.31577497494115,,44.2,,39.742887487470576,,32.14,,,,,,,,,
湛江,2018,地级,23.424855230252177,,26.0,,24.037427615126088,,23.3,,,,,,,,,
滨州,2018,地级,28.921702519871985,,61.202999999999996,,44.126601259935995,,57.46,,,,,,,,,
潍坊,2018,地级,33.15793412018164,,61.202999999999996,,41.85471706009082,,39.9,,,,,,,,,
烟台,2018,地级,27.4481611190939,,61.202999999999996,,35.949830559546946,,27.7,,,,,,,,,
珠海,2018,地级,17.505655345037137,,38.303,,23.22857767251857,,19.599999999999998,,,,,,,,,
石嘴山,2018,地级,15.67128849177603,,15.403,,17.611394245888015,,23.7,,,,,,,,,
聊城,2018,地级,30.983236130241085,,61.202999999999996,,40.797368065120544,,40.019999999999996,,,,,,,,,
肇庆,2018,地级,25.136434274111874,,12.4,,25.383217137055937,,38.86,,,,,,,,,
苏州,2018,地级,30.732418899145625,,16.700000000000003,,29.536209449572812,,39.98,,,,,,,,,
荆门,2018,地级,23.401818872476213,,18.400000000000002,,23.88590943623811,,30.34,,,,,,,,,
莱芜,2018,地级,28.661084896286276,,61.602999999999994,,37.02629244814314,,29.180000000000003,,,,,,,,,
菏泽,2018,地级,32.855288466119916,,61.202999999999996,,43.10339423305996,,45.5,,,,,,,,,
贵州,2018,省级,39.63546389907216,6.0,52.203,5.0,55.00848194953608,3.0,88.56000000000002,1.0,1571.0,,,,,,,
贵阳,2018,地级,64.49255280002578,,88.29700000000001,,78.2205264000129,,95.60000000000001,,,,,,,,,
铜仁,2018,地级,23.857856093979443,,36.99700000000001,,32.033178046989725,,43.419999999999995,,,,,,,,,
银川,2018,地级,21.87995602925467,,53.297,,42.85422801462734,,74.36000000000001,,,,,,,,,
长沙,2018,地级,23.146189269457665,,13.700000000000001,,21.52309463472883,,26.1,,,,,,,,,
阳江,2018,地级,21.458670645976245,,11.7,,19.229335322988124,,22.3,,,,,,,,,
陕西,2018,省级,21.96614910540752,10.0,44.203,8.0,34.96882455270376,8.0,51.739999999999995,5.0,124.0,,,,,,,
青岛,2018,地级,42.07124603940612,,65.303,,50.50637301970306,,52.580000000000005,,,,,,,,,
马鞍山,2018,地级,25.85033148062419,,37.102999999999994,,31.975915740312093,,39.099999999999994,,,,,,,,,
三亚,2019,地级,17.18,,5.28,,28.45,,4.491199999999999,,,1.5000000000000002,,,,,,
上海,2019,省级,25.03,,13.630000000000003,,69.36,1.0,24.2,,1982.0,6.499999999999999,,,,,,
东莞,2019,地级,24.62,,8.74,,40.0,,5.144,,,1.5000000000000002,,,,,,
东营,2019,地级,18.72,,8.66,,35.37,,5.144,,,2.8500000000000005,,,,,,
中卫,2019,地级,0.0,,0.0,,3.26,,3.2640000000000002,,,0.0,,,,,,
中山,2019,地级,19.79,,5.359999999999999,,30.79,,5.144,,,0.5,,,,,,
临沂,2019,地级,22.38,,9.36,,39.23,,5.144,,,2.35,,,,,,
乌海,2019,地级,12.28,,6.2,,21.74,,3.26,,,0.0,,,,,,
云浮,2019,地级,18.55,,12.81,,37.0,,5.144,,,0.5,,,,,,
佛山,2019,地级,18.08,,10.950000000000001,,34.17,,5.144,,,0.0,,,,,,
佳木斯,2019,地级,14.45,,9.520000000000001,,38.11,,14.143999999999997,,,0.0,,,,,,
六安,2019,地级,13.98,,6.619999999999999,,23.86,,3.2640000000000002,,,0.0,,,,,,
六盘水,2019,地级,13.55,,7.1000000000000005,,26.44,,4.792,,,1.0,,,,,,
内江,2019,地级,10.64,,5.46,,20.54,,2.94,,,1.5000000000000002,,,,,,
北京,2019,省级,24.99,,7.370000000000001,,54.4,4.0,14.0,,1339.0,8.040000000000001,,,,,,
南京,2019,地级,10.64,,3.48,,29.65,,15.531199999999995,,,0.0,,,,,,
南宁,2019,地级,0.0,,0.0,,3.26,,3.2640000000000002,,,0.0,,,,,,
南通,2019,地级,12.32,,1.96,,18.04,,3.2640000000000002,,,0.5,,,,,,
厦门,2019,地级,14.2,,9.51,,28.68,,4.4656,,,0.5,,,,,,
哈尔滨,2019,地级,22.63,,13.030000000000001,,55.75,,16.89119999999999,,,3.2,,,,,,
四川,2019,省级,16.98,,10.01,,29.99,11.0,3.0,,563.0,0.0,,,,,,
天津,2019,省级,20.67,,9.5,,44.15,7.0,12.475,,514.0,1.5000000000000002,,,,,,
威海,2019,地级,17.59,,9.06,,42.84,,14.337599999999998,,,1.85,,,,,,
宁夏,2019,省级,12.06,,8.879999999999999,,23.64,14.0,2.7,,168.0,0.0,,,,,,
宁波,2019,地级,13.13,,6.02,,23.72,,4.5696,,,0.0,,,,,,
宣城,2019,地级,14.59,,5.48,,35.0,,14.932799999999997,,,0.0,,,,,,
宿迁,2019,地级,0.0,,0.0,,3.26,,3.2640000000000002,,,0.0,,,,,,
山东,2019,省级,25.27,,11.64,,47.56,6.0,7.95,,736.0,2.7,,,,,,
常州,2019,地级,15.38,,6.5200000000000005,,25.16,,3.2640000000000002,,,0.0,,,,,,
常德,2019,地级,10.47,,3.2200000000000006,,18.45,,3.2640000000000002,,,1.5000000000000002,,,,,,
广东,2019,省级,31.05,,12.36,,52.86,5.0,6.75,,544.0,2.7,,,,,,
广元,2019,地级,8.91,,5.08,,17.75,,3.2640000000000002,,,0.5,,,,,,
广州,2019,地级,27.38,,11.09,,43.61,,5.144,,,0.0,,,,,,
徐州,2019,地级,0.0,,0.0,,3.26,,3.2640000000000002,,,0.0,,,,,,
德州,2019,地级,20.07,,9.76,,36.32,,5.144,,,1.35,,,,,,
惠州,2019,地级,21.46,,10.15,,38.56,,6.449600000000001,,,0.5,,,,,,
成都,2019,地级,19.57,,9.740000000000002,,44.98,,12.9744,,,2.7,,,,,,
扬州,2019,地级,10.46,,8.56,,32.05,,13.028799999999999,,,0.0,,,,,,
抚州,2019,地级,13.38,,5.58,,24.25,,4.792,,,0.5,,,,,,
揭阳,2019,地级,15.93,,12.81,,34.38,,5.144,,,0.5,,,,,,
新疆,2019,省级,0.0,,1.48,,4.48,16.0,3.0,,0.0,0.0,,,,,,
无锡,2019,地级,14.49,,3.0,,26.69,,5.0048,,,4.2,,,,,,
日照,2019,地级,16.9,,8.66,,33.55,,5.144,,,2.8500000000000005,,,,,,
枣庄,2019,地级,19.06,,7.859999999999999,,34.91,,5.144,,,2.8500000000000005,,,,,,
梅州,2019,地级,17.56,,12.81,,36.01,,5.144,,,0.5,,,,,,
武汉,2019,地级,20.69,,8.66,,32.61,,3.2640000000000002,,,0.0,,,,,,
永州,2019,地级,12.29,,4.58,,20.63,,3.2640000000000002,,,0.5,,,,,,
汕头,2019,地级,16.27,,12.81,,36.53,,6.449600000000001,,,1.0,,,,,,
汕尾,2019,地级,16.96,,12.81,,34.91,,5.144,,,0.0,,,,,,
江苏,2019,省级,0.0,,2.7800000000000002,,5.18,15.0,2.4,,0.0,0.0,,,,,,
江西,2019,省级,14.09,,5.71,,23.9,13.0,2.6,,73.0,1.5000000000000002,,,,,,
江门,2019,地级,18.12,,10.75,,34.01,,5.14,,,0.0,,,,,,
河南,2019,省级,16.95,,11.74,,36.34,9.0,7.65,,709.0,0.0,,,,,,
河源,2019,地级,17.07,,12.81,,36.52,,5.144,,,1.5000000000000002,,,,,,
泰安,2019,地级,19.83,,8.26,,36.08,,5.144,,,2.8500000000000005,,,,,,
泰州,2019,地级,15.47,,9.1,,30.53,,3.2640000000000002,,,2.7,,,,,,
泸州,2019,地级,0.0,,0.0,,3.26,,3.2640000000000002,,,0.0,,,,,,
济南,2019,地级,24.43,,11.48,,53.23,,15.97,,,1.35,,,,,,
济宁,2019,地级,15.75,,8.76,,31.0,,5.144,,,1.35,,,,,,
浙江,2019,省级,32.84,,15.52,,63.65,2.0,10.525,,1075.0,4.760000000000001,,,,,,
海南,2019,省级,12.73,,3.38,,30.56,10.0,12.95,,979.0,1.5000000000000002,,,,,,
淄博,2019,地级,19.17,,8.66,,35.82,,5.144,,,2.8500000000000005,,,,,,
淮安,2019,地级,11.11,,3.5600000000000005,,19.43,,3.2640000000000002,,,1.5000000000000002,,,,,,
深圳,2019,地级,23.39,,15.9,,61.93,,13.657599999999999,,,8.980000000000002,,,,,,
清远,2019,地级,21.55,,12.81,,40.0,,5.144,,,0.5,,,,,,
湖州,2019,地级,11.88,,2.06,,25.26,,9.8192,,,1.5000000000000002,,,,,,
湛江,2019,地级,16.82,,12.81,,34.77,,5.144,,,0.0,,,,,,
滨州,2019,地级,16.03,,9.06,,34.82,,6.8848,,,2.8500000000000005,,,,,,
潍坊,2019,地级,21.26,,8.78,,39.38,,5.144,,,4.2,,,,,,
潮州,2019,地级,19.26,,12.81,,39.02,,6.449599999999999,,,0.5,,,,,,
烟台,2019,地级,22.71,,8.66,,40.23,,6.0144,,,2.8500000000000005,,,,,,
珠海,2019,地级,20.9,,8.22,,36.07,,6.449600000000001,,,0.5,,,,,,
石嘴山,2019,地级,13.97,,3.3599999999999994,,21.77,,2.94,,,1.5000000000000002,,,,,,
福州,2019,地级,18.67,,10.920000000000002,,43.93,,13.84,,,0.5,,,,,,
福建,2019,省级,18.61,,11.81,,43.62,8.0,13.2,,605.0,0.0,,,,,,
绵阳,2019,地级,15.11,,0.0,,15.11,,0.0,,,0.0,,,,,,
聊城,2019,地级,18.51,,8.74,,35.11,,6.0144,,,1.85,,,,,,
肇庆,2019,地级,18.52,,12.81,,36.97,,5.144,,,0.5,,,,,,
苏州,2019,地级,14.31,,3.0,,22.94,,4.1344,,,1.5000000000000002,,,,,,
茂名,2019,地级,12.86,,3.2200000000000006,,22.72,,5.144,,,1.5000000000000002,,,,,,
荆门,2019,地级,12.23,,2.7800000000000002,,18.77,,3.2640000000000002,,,0.5,,,,,,
菏泽,2019,地级,15.98,,9.459999999999999,,34.74,,6.449600000000001,,,2.8500000000000005,,,,,,
蚌埠,2019,地级,10.82,,5.220000000000001,,22.11,,4.5696,,,1.5000000000000002,,,,,,
贵州,2019,省级,23.0,,7.46,,57.87,3.0,19.525,,1279.0,7.880000000000002,,,,,,
贵阳,2019,地级,27.56,,15.87,,67.72,,18.745599999999996,,,5.540000000000001,,,,,,
连云港,2019,地级,1.6,,6.18,,24.4,,16.62,,,0.0,,,,,,
遂宁,2019,地级,0.0,,0.0,,3.26,,3.2640000000000002,,,0.0,,,,,,
遵义,2019,地级,14.62,,7.66,,27.07,,4.792,,,0.0,,,,,,
铜仁,2019,地级,12.51,,3.64,,22.25,,6.097600000000001,,,0.0,,,,,,
银川,2019,地级,16.71,,9.4,,40.85,,14.742399999999995,,,0.0,,,,,,
长沙,2019,地级,10.99,,3.04,,17.79,,3.2640000000000002,,,0.5,,,,,,
阜阳,2019,地级,14.75,,8.459999999999999,,26.97,,3.2640000000000002,,,0.5,,,,,,
阳江,2019,地级,15.17,,12.81,,33.62,,5.144,,,0.5,,,,,,
陕西,2019,省级,13.63,,5.16,,24.39,12.0,4.6,,130.0,1.0,,,,,,
雅安,2019,地级,11.27,,0.0,,14.53,,3.2640000000000002,,,0.0,,,,,,
青岛,2019,地级,20.59,,10.58,,48.07,,14.2,,,2.7,,,,,,
韶关,2019,地级,18.78,,12.81,,37.23,,5.144,,,0.5,,,,,,
马鞍山,2019,地级,12.17,,7.9,,24.7,,4.1344,,,0.5,,,,,,
黄冈,2019,地级,0.0,,0.0,,3.26,,3.2640000000000002,,,0.0,,,,,,
黄山,2019,地级,7.15,,0.0,,10.41,,3.2640000000000002,,,0.0,,,,,,
黔东南,2019,地级,0.0,,0.0,,4.79,,4.79,,,0.0,,,,,,
黔南,2019,地级,6.15,,2.14,,24.51,,14.719999999999999,,,1.5000000000000002,,,,,,
三亚,2020,地级,,,,,,,,,,,,,,,,
上海,2020,省级,22.98,,15.75,,68.08,2.0,15.8,,,13.55,3177.3539568345323,3344.0632183908046,,,,
上饶,2020,地级,,,,,,,,,,,,,,,,
东莞,2020,地级,21.09,,7.490000000000001,,34.08,,3.5,,,2.0,,,,,,
东营,2020,地级,19.35,,13.030000000000001,,41.68,,4.1,,,5.2,,,,,,
中卫,2020,地级,,,,,,,,,,,,,,,,
中山,2020,地级,21.01,,3.94,,33.35,,6.398000000000001,,,2.0,,,,,,
临沂,2020,地级,24.72,,10.48,,46.4,,4.1,,,7.1,,,,,,
丽水,2020,地级,18.08,,8.840000000000002,,33.84,,4.82,,,2.1,,,,,,
乌海,2020,地级,,,,,,,,,,,,,,,,
乌鲁木齐,2020,地级,,,,,,,,,,,,,,,,
乐山,2020,地级,,,,,,,,,,,,,,,,
九江,2020,地级,,,,,,,,,,,,,,,,
云浮,2020,地级,,,,,,,,,,,,,,,,
佛山,2020,地级,19.22,,9.22,,36.73,,6.787999999999999,,,1.5,,,,,,
佳木斯,2020,地级,,,,,,,,,,,,,,,,
克拉玛依,2020,地级,,,,,,,,,,,,,,,,
六安,2020,地级,,,,,,,,,,,,,,,,
六盘水,2020,地级,,,,,,,,,,,,,,,,
内江,2020,地级,,,,,,,,,,,,,,,,
北京,2020,省级,23.5,,4.82,,44.13,7.0,8.313999999999998,,,7.500000000000001,1287.006939090208,1346.0,,,,
南京,2020,地级,,,,,,,,,,,,,,,,
南充,2020,地级,,,,,,,,,,,,,,,,
南宁,2020,地级,,,,,,,,,,,,,,,,
南昌,2020,地级,,,,,,,,,,,,,,,,
南通,2020,地级,,,,,,,,,,,,,,,,
厦门,2020,地级,,,,,,,,,,,,,,,,
双鸭山,2020,地级,,,,,,,,,,,,,,,,
台州,2020,地级,25.41,,12.87,,51.08,,8.7,,,4.1,,,,,,
哈尔滨,2020,地级,20.79,,6.96,,37.02,,5.768,,,3.5,,,,,,
四川,2020,省级,20.64,,11.39,,42.58,9.0,5.8,,,4.75,732.0,1534.0,,,,
天津,2020,省级,20.48,,8.11,,43.95,8.0,8.358,,,7.0,553.0267379679144,1124.0211453744494,,,,
威海,2020,地级,24.32,,13.630000000000003,,51.49,,7.644,,,5.9,,,,,,
孝感,2020,地级,,,,,,,,,,,,,,,,
宁夏,2020,省级,,,,,,,,,,,0.0,0.0,,,,
宁波,2020,地级,22.26,,9.97,,48.56,,7.58,,,8.75,,,,,,
宜宾,2020,地级,,,,,,,,,,,,,,,,
宜昌,2020,地级,,,,,,,,,,,,,,,,
宣城,2020,地级,,,,,,,,,,,,,,,,
宿迁,2020,地级,,,,,,,,,,,,,,,,
山东,2020,省级,24.11,,15.850000000000001,,59.77,3.0,10.309999999999999,,,9.5,696.0,5328.300737129217,,,,
常州,2020,地级,,,,,,,,,,,,,,,,
常德,2020,地级,,,,,"4.00-
9.77",,,,,,,,,,,
广东,2020,省级,23.75,,10.38,,45.33,5.0,6.2,,,5.0,442.0,6759.944128133103,,,,
广元,2020,地级,,,,,,,,,,,,,,,,
广州,2020,地级,22.2,,10.940000000000001,,38.64,,3.5,,,2.0,,,,,,
广西,2020,省级,17.6,,10.340000000000002,,32.44,10.0,2,,,2.5,427.2025139664804,689.9328169967835,,,,
徐州,2020,地级,,,,,,,,,,,,,,,,
德州,2020,地级,22.97,,10.030000000000001,,42.3,,4.1,,,5.2,,,,,,
惠州,2020,地级,19.55,,6.940000000000001,,31.69,,4.7,,,0.5,,,,,,
成都,2020,地级,25.97,,10.350000000000001,,51.86,,8.544,,,7.000000000000001,,,,,,
扬州,2020,地级,,,,,,,,,,,,,,,,
承德,2020,地级,,,,,10.47-19.96,,,,,,,,,,,
抚州,2020,地级,,,,,,,,,,,,,,,,
拉萨,2020,地级,,,,,,,,,,,,,,,,
揭阳,2020,地级,,,,,,,,,,,,,,,,
新疆,2020,省级,,,,,,,,,,,0.0,0.0,,,,
无锡,2020,地级,18.78,,11.58,,52.65,,11.39,,,10.9,,,,,,
日照,2020,地级,23.04,,10.33,,49.07,,7.1,,,8.6,,,,,,
杭州,2020,地级,23.24,,8.89,,49.76,,9.882000000000001,,,7.75,,,,,,
林芝,2020,地级,,,,,,,,,,,,,,,,
枣庄,2020,地级,24.97,,10.23,,47.1,,5.3,,,6.6000000000000005,,,,,,
柳州,2020,地级,,,,,,,,,,,,,,,,
桂林,2020,地级,,,,,,,,,,,,,,,,
梅州,2020,地级,,,,,,,,,,,,,,,,
武汉,2020,地级,17.72,,10.450000000000001,,34.77,,4.6,,,2.0,,,,,,
永州,2020,地级,,,,,,,,,,,,,,,,
汕头,2020,地级,,,,,,,,,,,,,,,,
汕尾,2020,地级,,,,,,,,,,,,,,,,
江苏,2020,省级,0.0,,2.27,,11.07,15.0,1.8,,,7.0,0.0,0.0,,,,
江西,2020,省级,13.51,,3.28,,27.79,11.0,5,,,6.0,59.01639344262295,59.01639344262295,,,,
江门,2020,地级,14.7,,7.920000000000001,,31.52,,4.9,,,4.0,,,,,,
河南,2020,省级,16.72,,3.89,,23.11,13.0,2,,,0.5,788.0558312655087,788.0558312655087,,,,
河源,2020,地级,14.26,,9.520000000000001,,31.28,,3.5,,,4.0,,,,,,
泰安,2020,地级,21.76,,11.33,,42.39,,4.1,,,5.2,,,,,,
泰州,2020,地级,,,,,,,,,,,,,,,,
泸州,2020,地级,,,,,,,,,,,,,,,,
济南,2020,地级,24.25,,11.83,,54.44,,8.360000000000001,,,10.0,,,,,,
济宁,2020,地级,22.59,,10.23,,46.91,,4.892,,,9.200000000000001,,,,,,
浙江,2020,省级,35.42,,13.990000000000002,,78.56,1.0,16,,,13.15,763.0090791180286,6306.929303083535,,,,
海南,2020,省级,8.14,,5.28,,26.11,12.0,5.691999999999999,,,7.0,10.000000000000002,10.000000000000002,,,,
淄博,2020,地级,20.65,,10.780000000000001,,40.73,,4.1,,,5.2,,,,,,
淮安,2020,地级,,,,,,,,,,,,,,,,
深圳,2020,地级,27.14,,14.55,,59.64,,6.5,,,11.45,,,,,,
清远,2020,地级,,,,,,,,,,,,,,,,
温州,2020,地级,28.4,,15.81,,59.32,,8.362,,,6.75,,,,,,
湖北,2020,省级,10.68,,3.79,,18.07,14.0,1.6,,,2.0,1.0,1.0,,,,
湖南,2020,省级,,,,,,,评估期内平台下线无法访问/或数据无法获取,,,,0.0,0.0,,,,
湖州,2020,地级,20.45,,6.51,,38.53,,6.215999999999999,,,5.35,,,,,,
湛江,2020,地级,,,,,,,,,,,,,,,,
滨州,2020,地级,24.16,,11.33,,43.29,,4.1,,,3.7,,,,,,
潍坊,2020,地级,22.44,,11.23,,47.27,,4.1,,,9.5,,,,,,
潮州,2020,地级,,,,,,,,,,,,,,,,
烟台,2020,地级,24.49,,10.46,,47.55,,5.4,,,7.200000000000001,,,,,,
珠海,2020,地级,,,,,,,,,,,,,,,,
甘孜,2020,地级,,,,,,,,,,,,,,,,
石嘴山,2020,地级,,,,,,,,,,,,,,,,
福州,2020,地级,19.65,,9.41,,45.02,,11.96,,,4.0,,,,,,
福建,2020,省级,19.24,,8.770000000000001,,44.67,6.0,9.664,,,7.0,640.0933521923621,1477.093352192362,,,,
绍兴,2020,地级,22.05,,10.469999999999999,,44.02,,5.75,,,5.75,,,,,,
绵阳,2020,地级,,,,,,,,,,,,,,,,
聊城,2020,地级,20.98,,10.5,,44.32,,7.636,,,5.2,,,,,,
肇庆,2020,地级,,,,,,,,,,,,,,,,
舟山,2020,地级,,,,,,,,,,,,,,,,
芜湖,2020,地级,,,,,,,,,,,,,,,,
苏州,2020,地级,,,,,,,,,,,,,,,,
茂名,2020,地级,,,,,,,,,,,,,,,,
荆门,2020,地级,,,,,,,,,,,,,,,,
菏泽,2020,地级,21.67,,10.030000000000001,,41,,4.1,,,5.2,,,,,,
萍乡,2020,地级,,,,,,,,,,,,,,,,
蚌埠,2020,地级,,,,,20.80-30.99,,,,,,,,,,,
衡水,2020,地级,,,,,,,,,,,,,,,,
衢州,2020,地级,19.76,,7.88,,38.9,,4.764,,,6.5,,,,,,
贵州,2020,省级,15.48,,14.950000000000001,,50.96,4.0,10.628,,,9.9,325.0,1749.4593222375775,,,,
贵阳,2020,地级,25.44,,11.850000000000001,,56.33,,11.290000000000001,,,7.75,,,,,,
资阳,2020,地级,,,,,,,,,,,,,,,,
赣州,2020,地级,,,,,,,,,,,,,,,,
达州,2020,地级,,,,,0,,评估期内平台下线无法访问/或数据无法获取,,,,,,,,,
连云港,2020,地级,,,,,,,,,,,,,,,,
遂宁,2020,地级,,,,,,,,,,,,,,,,
遵义,2020,地级,,,,,,,,,,,,,,,,
金华,2020,地级,20.35,,10.770000000000001,,38.47,,3.5,,,3.85,,,,,,
钦州,2020,地级,,,,,,,,,,,,,,,,
铜仁,2020,地级,,,,,,,,,,,,,,,,
铜陵,2020,地级,,,,,,,,,,,,,,,,
银川,2020,地级,17.23,,6.800000000000001,,32.85,,7.32,,,1.5,,,,,,
长沙,2020,地级,,,,,,,,,,,,,,,,
阜阳,2020,地级,,,,,,,,,,,,,,,,
防城港,2020,地级,,,,,,,,,,,,,,,,
阳江,2020,地级,,,,,,,,,,,,,,,,
陇南,2020,地级,,,,,,,,,,,,,,,,
陕西,2020,省级,,,,,,,,,,,0.0,0.0,,,,
雅安,2020,地级,,,,,,,,,,,,,,,,
青岛,2020,地级,25.28,,12.950000000000001,,58.43,,10.252,,,9.95,,,,,,
青海,2020,省级,0.0,,1.07,,6.67,16.0,1.6,,,4.0,0.0,0.0,,,,
韶关,2020,地级,,,,,,,,,,,,,,,,
马鞍山,2020,地级,,,,,,,,,,,,,,,,
鹰潭,2020,地级,,,,,,,,,,,,,,,,
黄冈,2020,地级,,,,,,,,,,,,,,,,
黄山,2020,地级,,,,,,,,,,,,,,,,
黔东南,2020,地级,,,,,,,,,,,,,,,,
黔南,2020,地级,,,,,,,,,,,,,,,,
三亚,2021,城市,,,,,,,,,,,,,,,,
上海,2021,城市,26.73,,15.12,,70.74,,12.386,,,16.5,,,,,,
上饶,2021,城市,,,,,,,,,,,,,,,,
东莞,2021,城市,29.62,,4.180000000000001,,38.5,,2.1,,,2.6,,,,,,
东营,2021,城市,25.18,,12.65,,48.93,,3.5,,,7.6,,,,,,
中卫,2021,城市,,,,,,,,,,,,,,,,
中山,2021,城市,,,,,,,,,,,,,,,,
临沂,2021,城市,26.3,,11.65,,59.67,,10.015,,,11.7,,,,,,
丽水,2021,城市,24.34,,10.05,,46.79,,5.2,,,7.2,,,,,,
乌海,2021,城市,,,,,,,,,,,,,,,,
乌鲁木齐,2021,城市,,,,,,,,,,,,,,,,
乐山,2021,城市,,,,,,,,,,,,,,,,
九江,2021,城市,,,,,,,,,,,,,,,,
云南,2021,省域,0.0,21.0,0.0,24.0,1.2,27.0,1.2,20.0,,0.0,0.0,0.0,18.0,,,
云浮,2021,城市,,,,,,,,,,,,,,,,
亳州,2021,城市,,,,,,,,,,,,,,,,
佛山,2021,城市,21.43,,8.8,,35.95,,3.624,,,2.1,,,,,,
佳木斯,2021,城市,,,,,,,,,,,,,,,,
克拉玛依,2021,城市,,,,,,,,,,,,,,,,
六安,2021,城市,,,,,,,,,,,,,,,,
六盘水,2021,城市,,,,,,,,,,,,,,,,
兰州,2021,城市,,,,,,,,,,,,,,,,
内江,2021,城市,,,,,,,,,,,,,,,,
内蒙古,2021,省域,0.0,21.0,0.5833333333333333,23.0,3.08,23.0,2.5,14.0,,0.0,0.0,0.0,18.0,,,
凉山,2021,城市,,,,,,,,,,,,,,,,
北京,2021,城市,21.51,,4.58,,41.03,,4.238,,,10.7,,,,,,
北海,2021,城市,,,,,,,,,,,,,,,,
十堰,2021,城市,,,,,,,,,,,,,,,,
南京,2021,城市,,,,,,,,,,,,,,,,
南充,2021,城市,,,,,,,,,,,,,,,,
南宁,2021,城市,19.91,,6.65,,36.2,,6.038,,,3.6,,,,,,
南昌,2021,城市,,,,,,,,,,,,,,,,
南通,2021,城市,,,,,,,,,,,,,,,,
博尔塔拉,2021,城市,,,,,,,,,,,,,,,,
厦门,2021,城市,23.39,,9.18,,45.84,,3.27,,,10.0,,,,,,
双鸭山,2021,城市,,,,,,,,,,,,,,,,
台州,2021,城市,26.37,,11.45,,57.97,,10.245000000000001,,,9.9,,,,,,
吉安,2021,城市,,,,,,,,,,,,,,,,
吉林,2021,省域,0.0,21.0,0.0,24.0,3.14,22.0,3.138,13.0,,0.0,0.0,0.0,18.0,,,
哈密,2021,城市,,,,,,,,,,,,,,,,
哈尔滨,2021,城市,23.55,,7.32,,38.73,,4.062,,,3.8,,,,,,
嘉兴,2021,城市,22.62,,7.55,,43.37,,2.4,,,10.8,,,,,,
四川,2021,省域,17.19,6.0,9.959999999999999,5.0,44.25,5.0,6.1,8.0,,11.0,726.0,60409.0,4.0,,,
大同,2021,城市,,,,,,,,,,,,,,,,
大庆,2021,城市,,,,,,,,,,,,,,,,
天津,2021,城市,21.73,,5.4,,40.26,,6.129,,,7.0,,,,,,
威海,2021,城市,29.55,,11.05,,53.57,,3.17,,,9.8,,,,,,
娄底,2021,城市,,,,,,,,,,,,,,,,
孝感,2021,城市,,,,,,,,,,,,,,,,
宁夏,2021,省域,13.49,8.0,7.6533333333333315,8.0,23.74,9.0,2.1,15.0,,0.5,482.0,964.0,16.0,,,
宁波,2021,城市,25.99,,9.45,,53.52,,5.68,,,12.4,,,,,,
安徽,2021,省域,1.99,16.0,5.096666666666666,9.0,12.51,12.0,3.425,12.0,,2.0,0.0,1065.0,13.0,,,
宜宾,2021,城市,23.2,,7.94,,33.84,,0.6,,,2.1,,,,,,
宜昌,2021,城市,,,,,,,,,,,,,,,,
宜春,2021,城市,,,,,,,,,,,,,,,,
宣城,2021,城市,,,,,,,,,,,,,,,,
宿州,2021,城市,,,,,,,,,,,,,,,,
宿迁,2021,城市,,,,,,,,,,,,,,,,
山东,2021,省域,24.24,3.0,13.38,2.0,66.1,2.0,11.18,3.0,,17.3,657.0,121653.0,1.0,,,
山西,2021,省域,0.0,21.0,1.090909090909091,19.0,5.53,19.0,4.44,11.0,,0.0,0.0,0.0,18.0,,,
岳阳,2021,城市,,,,,,,,,,,,,,,,
崇左,2021,城市,18.0,,10.209999999999999,,31.81,,1.6,,,2.0,,,,,,
巴中,2021,城市,,,,,,,,,,,,,,,,
常州,2021,城市,,,,,,,,,,,,,,,,
常德,2021,城市,,,,,,,,,,,,,,,,
广东,2021,省域,25.78,2.0,10.842857142857142,4.0,49.26,4.0,7.537000000000001,5.0,,5.1,434.0,10656.0,9.0,,,
广元,2021,城市,,,,,,,,,,,,,,,,
广安,2021,城市,25.01,,6.15,,36.43,,3.2700000000000005,,,2.0,,,,,,
广州,2021,城市,24.54,,10.23,,45.47,,2.1,,,8.6,,,,,,
广西,2021,省域,21.23,4.0,8.69,6.0,43.39,6.0,9.870000000000001,4.0,,3.6,1612.0,7187.0,12.0,,,
徐州,2021,城市,,,,,,,,,,,,,,,,
德州,2021,城市,27.4,,13.389999999999997,,57.99,,4.7,,,12.5,,,,,,
德阳,2021,城市,,,,,,,,,,,,,,,,
恩施,2021,城市,,,,,,,,,,,,,,,,
惠州,2021,城市,,,,,,,,,,,,,,,,
成都,2021,城市,28.42,,8.77,,44.29,,3.996,,,3.1,,,,,,
扬州,2021,城市,,,,,,,,,,,,,,,,
承德,2021,城市,,,,,,,,,,,,,,,,
抚州,2021,城市,,,,,,,,,,,,,,,,
拉萨,2021,城市,,,,,,,,,,,,,,,,
揭阳,2021,城市,,,,,10-30,,,,,,,,,,,
攀枝花,2021,城市,,,,,,,,,,,,,,,,
新余,2021,城市,,,,,,,,,,,,,,,,
新疆,2021,省域,0.69,18.0,0.6428571428571429,22.0,2.13,24.0,0.8,23.0,,0.0,0.0,48.0,18.0,,,
无锡,2021,城市,23.24,,9.77,,55.13,,8.415000000000001,,,13.7,,,,,,
日照,2021,城市,26.15,,11.51,,59.55,,8.294,,,13.6,,,,,,
景德镇,2021,城市,,,,,,,,,,,,,,,,
来宾,2021,城市,17.39,,9.209999999999999,,32.2,,1.6,,,4.0,,,,,,
杭州,2021,城市,26.55,,14.45,,60.27,,6.971000000000001,,,12.3,,,,,,
林芝,2021,城市,,,,,,,,,,,,,,,,
枣庄,2021,城市,25.16,,12.19,,47.65,,4.7,,,5.6,,,,,,
柳州,2021,城市,,,,,,,,,,,,,,,,
桂林,2021,城市,20.46,,7.83,,32.56,,1.27,,,3.0,,,,,,
梅州,2021,城市,,,,,,,,,,,,,,,,
梧州,2021,城市,,,,,,,,,,,,,,,,
武汉,2021,城市,25.66,,10.02,,55.1,,8.021,,,11.4,,,,,,
毕节,2021,城市,,,,,,,,,,,,,,,,
永州,2021,城市,,,,,,,,,,,,,,,,
汕头,2021,城市,,,,,,,,,,,,,,,,
汕尾,2021,城市,,,,,,,,,,,,,,,,
江苏,2021,省域,1.32,17.0,1.9230769230769234,17.0,11.44,13.0,1.4,18.0,,6.8,0.0,3833.0,5.0,,,
江西,2021,省域,13.56,7.0,4.504545454545455,11.0,31.56,8.0,7.3,7.0,,6.2,122.0,1237.0,6.0,,,
江门,2021,城市,21.4,,7.58,,36.88,,3.5,,,4.4,,,,,,
池州,2021,城市,,,,,1-5,,,,,,,,,,,
河北,2021,省域,3.53,12.0,2.250909090909091,16.0,10.48,14.0,0.7,26.0,,4.0,297.0,705.0,10.0,,,
河南,2021,省域,12.49,9.0,3.84,12.0,18.33,11.0,1.5,16.0,,0.5,762.0,2327.0,16.0,,,
河池,2021,城市,,,,,,,,,,,,,,,,
河源,2021,城市,18.25,,8.2,,32.25,,1.8,,,4.0,,,,,,
泰安,2021,城市,25.92,,9.95,,45.67,,3.2,,,6.6,,,,,,
泰州,2021,城市,,,,,,,,,,,,,,,,
泸州,2021,城市,19.62,,5.95,,32.52,,3.8520000000000003,,,3.1,,,,,,
济南,2021,城市,28.55,,12.25,,60.62,,6.715999999999999,,,13.1,,,,,,
济宁,2021,城市,25.73,,11.95,,52.1,,4.82,,,9.6,,,,,,
浙江,2021,省域,30.45,1.0,13.88,1.0,76.69,1.0,15.262,1.0,,17.1,1081.0,11316.0,2.0,,,
海南,2021,省域,3.61,11.0,4.615,10.0,19.06,10.0,4.632,10.0,,6.2,0.0,148.0,6.0,,,
淄博,2021,城市,25.54,,9.129999999999999,,41.67,,4.4,,,2.6,,,,,,
淮北,2021,城市,,,,,,,,,,,,,,,,
淮安,2021,城市,,,,,,,,,,,,,,,,
深圳,2021,城市,29.71,,11.870000000000001,,61.64,,4.06,,,16.0,,,,,,
清远,2021,城市,,,,,,,,,,,,,,,,
温州,2021,城市,26.55,,11.8,,57.54,,7.284999999999999,,,11.9,,,,,,
湖北,2021,省域,0.19,19.0,1.6846153846153846,18.0,6.91,16.0,5.035,9.0,,0.0,0.0,2550.0,18.0,,,
湖南,2021,省域,0.14,20.0,3.226984126984127,14.0,5.67,18.0,0.8,23.0,,1.5,0.0,731.0,15.0,,,
湖州,2021,城市,,,,,,,,,,,,,,,,
湘潭,2021,城市,,,,,,,,,,,,,,,,
湛江,2021,城市,,,,,,,,,,,,,,,,
滨州,2021,城市,28.94,,9.73,,50.47,,3.2,,,8.6,,,,,,
潍坊,2021,城市,27.94,,11.05,,58.69,,5.9,,,13.8,,,,,,
潮州,2021,城市,,,,,,,,,,,,,,,,
烟台,2021,城市,31.37,,13.95,,66.69,,8.065999999999999,,,13.3,,,,,,
玉林,2021,城市,,,,,,,,,,,,,,,,
珠海,2021,城市,,,,,,,,,,,,,,,,
甘孜,2021,城市,,,,,,,,,,,,,,,,
甘肃,2021,省域,3.35,13.0,3.4314285714285715,13.0,9.48,15.0,0.7,26.0,,2.0,0.0,2085.0,13.0,,,
百色,2021,城市,22.36,,5.3,,33.26,,1.6,,,4.0,,,,,,
益阳,2021,城市,,,,,,,,,,,,,,,,
盐城,2021,城市,,,,,,,,,,,,,,,,
眉山,2021,城市,,,,,,,,,,,,,,,,
石嘴山,2021,城市,,,,,,,,,,,,,,,,
福州,2021,城市,27.04,,12.1,,64.74,,10.704,,,14.9,,,,,,
福建,2021,省域,17.47,5.0,7.8711111111111105,7.0,38.9,7.0,7.455,6.0,,6.1,1124.0,3920.0,8.0,,,
绍兴,2021,城市,,,,,,,,,,,,,,,,
绵阳,2021,城市,,,,,,,,,,,,,,,,
聊城,2021,城市,26.78,,8.790000000000001,,50.53,,5.258,,,9.7,,,,,,
肇庆,2021,城市,,,,,,,,,,,,,,,,
自贡,2021,城市,,,,,,,,,,,,,,,,
舟山,2021,城市,16.57,,8.1,,31.87,,2.1,,,5.1,,,,,,
芜湖,2021,城市,,,,,,,,,,,,,,,,
苏州,2021,城市,,,,,,,,,,,,,,,,
茂名,2021,城市,,,,,,,,,,,,,,,,
荆州,2021,城市,,,,,,,,,,,,,,,,
荆门,2021,城市,,,,,,,,,,,,,,,,
菏泽,2021,城市,26.19,,8.03,,42.12,,3.2,,,4.7,,,,,,
萍乡,2021,城市,,,,,,,,,,,,,,,,
蚌埠,2021,城市,,,,,5-10,,,,,,,,,,,
衡水,2021,城市,,,,,,,,,,,,,,,,
衢州,2021,城市,21.08,,6.4300000000000015,,41.95,,3.2400000000000007,,,11.2,,,,,,
西藏,2021,省域,0.0,21.0,0.7142857142857142,20.0,1.91,25.0,1.2,20.0,,0.0,0.0,0.0,18.0,,,
贵州,2021,省域,11.71,10.0,11.946031746031746,3.0,51.13,3.0,12.068999999999999,2.0,,15.4,416.0,6870.0,3.0,,,
贵港,2021,城市,19.11,,8.81,,36.47,,4.246,,,4.3,,,,,,
贵阳,2021,城市,28.96,,9.120000000000001,,57.51,,9.226,,,10.2,,,,,,
贺州,2021,城市,,,,,,,,,,,,,,,,
资阳,2021,城市,,,,,,,,,,,,,,,,
赣州,2021,城市,,,,,,,,,,,,,,,,
辽宁,2021,省域,0.0,21.0,0.0,24.0,1.4,26.0,1.4,18.0,,0.0,0.0,0.0,18.0,,,
达州,2021,城市,,,,,,,,,,,,,,,,
连云港,2021,城市,,,,,,,,,,,,,,,,
遂宁,2021,城市,,,,,,,,,,,,,,,,
遵义,2021,城市,,,,,,,,,,,,,,,,
那曲,2021,城市,,,,,,,,,,,,,,,,
郴州,2021,城市,,,,,,,,,,,,,,,,
鄂州,2021,城市,,,,,,,,,,,,,,,,
重庆,2021,城市,,,,,,,,,,,,,,,,
金华,2021,城市,25.3,,6.470000000000001,,43.07,,2.1,,,9.2,,,,,,
钦州,2021,城市,,,,,,,,,,,,,,,,
铜仁,2021,城市,,,,,,,,,,,,,,,,
铜陵,2021,城市,,,,,,,,,,,,,,,,
银川,2021,城市,,,,,,,,,,,,,,,,
镇江,2021,城市,,,,,,,,,,,,,,,,
长沙,2021,城市,,,,,,,,,,,,,,,,
长治,2021,城市,,,,,,,,,,,,,,,,
阜阳,2021,城市,,,,,0,,,,,,,,,,,
防城港,2021,城市,,,,,,,,,,,,,,,,
阳江,2021,城市,,,,,,,,,,,,,,,,
阿坝,2021,城市,,,,,,,,,,,,,,,,
阿拉善,2021,城市,,,,,,,,,,,,,,,,
陇南,2021,城市,,,,,,,,,,,,,,,,
陕西,2021,省域,2.36,14.0,2.8,15.0,6.66,17.0,1.5,16.0,,0.0,0.0,0.0,18.0,,,
随州,2021,城市,,,,,,,,,,,,,,,,
雅安,2021,城市,,,,,,,,,,,,,,,,
青岛,2021,城市,30.87,,12.65,,69.12,,9.204,,,16.4,,,,,,
青海,2021,省域,0.0,21.0,0.0,24.0,4.8,20.0,0.8,23.0,,4.0,0.0,0.0,10.0,,,
韶关,2021,城市,,,,,,,,,,,,,,,,
马鞍山,2021,城市,,,,,,,,,,,,,,,,
鹰潭,2021,城市,,,,,,,,,,,,,,,,
黄冈,2021,城市,,,,,,,,,,,,,,,,
黄山,2021,城市,,,,,,,,,,,,,,,,
黑龙江,2021,省域,2.1,15.0,0.6538461538461539,21.0,3.95,21.0,1.2,20.0,,0.0,0.0,1631.0,18.0,,,
黔东南,2021,城市,,,,,,,,,,,,,,,,
黔南,2021,城市,,,,,,,,,,,,,,,,
三亚,2022,城市,,,,,,,,,,,,,,,,
上海,2022,城市,25.0,,15.227500000000001,,64.75550000000001,,8.728,,,15.800000000000004,,,,,,
上饶,2022,城市,,,,,,,,,,,,,,,,
东莞,2022,城市,28.11,,10.827916666666667,,44.35791666666667,,1.92,,,3.5,,,,,,
东营,2022,城市,24.97,,12.540000000000001,,49.21,,2.0,,,9.700000000000003,,,,,,
中卫,2022,城市,,,,,,,,,,,,,,,,
中山,2022,城市,,,,,,,,,,,,,,,,
临沂,2022,城市,23.46,,13.12,,53.288,,6.208,,,10.500000000000004,,,,,,
丽水,2022,城市,25.76,,12.14,,50.715999999999994,,5.516,,,7.3,,,,,,
乌海,2022,城市,,,,,,,,,,,,,,,,
乌鲁木齐,2022,城市,,,,,,,,,,,,,,,,
乐山,2022,城市,,,,,,,,,,,,,,,,
九江,2022,城市,,,,,,,,,,,,,,,,
云南,2022,省域,0.0,22.0,0.0,22.0,2.5,25.0,2.5,18.0,,0.0,0.0,0.0,17.0,,,
云浮,2022,城市,,,,,,,,,,,,,,,,
亳州,2022,城市,,,,,,,,,,,,,,,,
佛山,2022,城市,21.88,,10.988333333333333,,39.15233333333333,,3.2840000000000003,,,3.0000000000000004,,,,,,
佳木斯,2022,城市,,,,,,,,,,,,,,,,
克孜勒苏,2022,城市,,,,,,,,,,,,,,,,
克拉玛依,2022,城市,,,,,,,,,,,,,,,,
六安,2022,城市,,,,,,,,,,,,,,,,
六盘水,2022,城市,,,,,,,,,,,,,,,,
兰州,2022,城市,,,,,,,,,,,,,,,,
内江,2022,城市,,,,,,,,,,,,,,,,
内蒙古,2022,省域,0.0,22.0,0.0,22.0,3.02,20.0,3.022,14.0,,0.0,0.0,31.0,17.0,,,
凉山,2022,城市,,,,,,,,,,,,,,,,
北京,2022,城市,25.42,,7.8675,,47.1575,,4.470000000000001,,,9.400000000000002,,,,,,
北海,2022,城市,,,,,,,,,,,,,,,,
十堰,2022,城市,,,,,,,,,,,,,,,,
南京,2022,城市,,,,,,,,,,,,,,,,
南充,2022,城市,,,,,,,,,,,,,,,,
南宁,2022,城市,21.3,,10.83375,,37.52175,,4.388,,,1.0,,,,,,
南昌,2022,城市,,,,,,,,,,,,,,,,
南通,2022,城市,,,,,,,,,,,,,,,,
博尔塔拉,2022,城市,,,,,,,,,,,,,,,,
厦门,2022,城市,20.21,,8.177083333333332,,42.23708333333334,,3.15,,,10.700000000000003,,,,,,
双鸭山,2022,城市,,,,,,,,,,,,,,,,
台州,2022,城市,23.45,,7.76,,49.86000000000001,,7.25,,,11.400000000000004,,,,,,
合肥,2022,城市,,,,,,,,,,,,,,,,
吉安,2022,城市,,,,,,,,,,,,,,,,
吉林,2022,省域,0.0,22.0,0.0,22.0,2.98,21.0,2.976,15.0,,0.0,0.0,0.0,17.0,,,
哈密,2022,城市,,,,,,,,,,,,,,,,
哈尔滨,2022,城市,21.18,,11.88875,,39.58675,,3.918,,,2.6,,,,,,
嘉兴,2022,城市,22.73,,9.85775,,40.887750000000004,,2.2,,,6.1,,,,,,
四川,2022,省域,17.51,6.0,14.19375,4.0,47.34,4.0,5.84,9.0,,9.8,731.0,92865.0,4.0,,,
大同,2022,城市,,,,,,,,,,,,,,,,
大庆,2022,城市,,,,,,,,,,,,,,,,
天津,2022,城市,20.47,,9.990833333333333,,42.536833333333334,,5.075999999999999,,,7.000000000000002,,,,,,
威海,2022,城市,27.08,,12.290000000000001,,49.64000000000001,,2.4699999999999998,,,7.800000000000002,,,,,,
娄底,2022,城市,,,,,,,,,,,,,,,,
孝感,2022,城市,,,,,,,,,,,,,,,,
宁夏,2022,省域,2.47,16.0,5.879166666666667,15.0,11.73,16.0,1.3800000000000001,25.0,,2.0,1147.0,1147.0,12.0,,,
宁波,2022,城市,23.07,,11.20375,,50.91,,4.444,,,12.200000000000003,,,,,,
安徽,2022,省域,11.57,12.0,5.987980769230769,13.0,23.26,12.0,2.95,16.0,,2.75,556.0,2185.0,9.0,,,
宜宾,2022,城市,,,,,,,,,,,,,,,,
宜昌,2022,城市,,,,,,,,,,,,,,,,
宜春,2022,城市,,,,,,,,,,,,,,,,
宣城,2022,城市,,,,,,,,,,,,,,,,
宿州,2022,城市,,,,,,,,,,,,,,,,
宿迁,2022,城市,,,,,,,,,,,,,,,,
山东,2022,省域,27.51,2.0,15.635000000000002,2.0,74.18,1.0,14.925,2.0,,16.1,944.0,137272.0,1.0,,,
山西,2022,省域,0.02,21.0,0.0,22.0,3.48,19.0,3.46,13.0,,0.0,0.0,92.0,17.0,,,
岳阳,2022,城市,,,,,,,,,,,,,,,,
崇左,2022,城市,,,,,,,,,,,,,,,,
巴中,2022,城市,23.57,,9.225,,37.295,,1.5,,,3.0000000000000004,,,,,,
常州,2022,城市,,,,,,,,,,,,,,,,
常德,2022,城市,,,,,,,,,,,,,,,,
平凉,2022,城市,,,,,,,,,,,,,,,,
广东,2022,省域,19.01,4.0,11.988333333333333,7.0,42.08,6.0,7.578,5.0,,3.5,483.0,23506.0,5.0,,,
广元,2022,城市,,,,,,,,,,,,,,,,
广安,2022,城市,,,,,,,,,,,,,,,,
广州,2022,城市,22.77,,13.687083333333334,,46.05708333333334,,2.2,,,7.400000000000002,,,,,,
广西,2022,省域,18.76,5.0,12.578750000000001,5.0,42.57,5.0,8.527,3.0,,2.7,3279.0,6671.0,10.0,,,
徐州,2022,城市,,,,,,,,,,,,,,,,
德州,2022,城市,35.69,,14.180000000000001,,68.42399999999999,,7.453999999999999,,,11.1,,,,,,
德阳,2022,城市,24.16,,10.29625,,39.63,,3.668,,,1.5000000000000002,,,,,,
恩施,2022,城市,,,,,,,,,,,,,,,,
惠州,2022,城市,,,,,6-11,,,,,,,,,,,
成都,2022,城市,24.51,,10.85375,,43.61,,3.254,,,5.0,,,,,,
扬州,2022,城市,,,,,,,,,,,,,,,,
承德,2022,城市,,,,,,,,,,,,,,,,
抚州,2022,城市,,,,,,,,,,,,,,,,
拉萨,2022,城市,,,,,,,,,,,,,,,,
揭阳,2022,城市,,,,,,,,,,,,,,,,
攀枝花,2022,城市,,,,,,,,,,,,,,,,
新余,2022,城市,,,,,,,,,,,,,,,,
新疆,2022,省域,0.0,22.0,0.42857142857142855,20.0,1.23,27.0,0.8,26.0,,0.0,0.0,0.0,17.0,,,
无锡,2022,城市,23.48,,13.940000000000001,,51.75800000000001,,3.3379999999999996,,,11.000000000000004,,,,,,
日照,2022,城市,30.23,,13.74,,62.926,,5.756,,,13.2,,,,,,
昭通,2022,城市,,,,,,,,,,,,,,,,
晋城,2022,城市,,,,,,,,,,,,,,,,
景德镇,2022,城市,,,,,,,,,,,,,,,,
朔州,2022,城市,,,,,,,,,,,,,,,,
来宾,2022,城市,24.46,,11.93375,,39.59375,,2.2,,,1.0,,,,,,
杭州,2022,城市,31.08,,14.788749999999999,,68.02074999999999,,8.352,,,13.8,,,,,,
林芝,2022,城市,,,,,,,,,,,,,,,,
枣庄,2022,城市,25.65,,12.09,,46.64,,2.1,,,6.800000000000002,,,,,,
柳州,2022,城市,,,,,,,,,,,,,,,,
桂林,2022,城市,26.88,,11.18375,,41.51375,,1.45,,,2.0,,,,,,
梅州,2022,城市,,,,,,,,,,,,,,,,
梧州,2022,城市,,,,,,,,,,,,,,,,
武汉,2022,城市,20.13,,12.060833333333331,,48.26083333333333,,5.07,,,11.0,,,,,,
毕节,2022,城市,,,,,,,,,,,,,,,,
永州,2022,城市,,,,,,,,,,,,,,,,
汕头,2022,城市,,,,,,,,,,,,,,,,
汕尾,2022,城市,,,,,,,,,,,,,,,,
江苏,2022,省域,12.81,9.0,10.135192307692307,8.0,33.28,9.0,7.329000000000001,6.0,,3.0,971.0,7492.0,8.0,,,
江西,2022,省域,1.25,18.0,6.81,11.0,17.5,14.0,5.935,8.0,,3.5,0.0,47.0,5.0,,,
江门,2022,城市,,,,,16-36,,,,,,,,,,,
池州,2022,城市,,,,,0-1,,,,,,,,,,,
沈阳,2022,城市,,,,,,,,,,,,,,,,
河北,2022,省域,12.63,10.0,5.890909090909091,14.0,23.32,11.0,2.8,17.0,,2.0,141.0,141.0,12.0,,,
河南,2022,省域,0.0,22.0,0.7794117647058824,18.0,2.78,23.0,2.0,21.0,,0.0,0.0,0.0,17.0,,,
河池,2022,城市,,,,,,,,,,,,,,,,
河源,2022,城市,,,,,,,,,,,,,,,,
泰安,2022,城市,25.44,,10.89,,40.57,,0.64,,,3.5999999999999996,,,,,,
泰州,2022,城市,,,,,11-36,,,,,,,,,,,
泸州,2022,城市,,,,,,,,,,,,,,,,
济南,2022,城市,26.93,,12.735000000000001,,57.615,,4.65,,,13.300000000000002,,,,,,
济宁,2022,城市,25.16,,13.669999999999998,,50.378,,5.048,,,6.5,,,,,,
浙江,2022,省域,28.17,1.0,14.660500000000003,3.0,72.47,2.0,15.135000000000002,1.0,,14.498000000000005,1310.0,10161.0,2.0,,,
海南,2022,省域,17.36,7.0,8.649166666666666,9.0,33.54,8.0,5.026000000000001,10.0,,2.5,818.0,1940.0,11.0,,,
淄博,2022,城市,26.31,,12.690000000000001,,46.199999999999996,,2.3,,,4.9,,,,,,
淮北,2022,城市,,,,,,,,,,,,,,,,
淮安,2022,城市,,,,,,,,,,,,,,,,
深圳,2022,城市,26.14,,12.702083333333333,,58.55408333333334,,3.9120000000000004,,,15.800000000000004,,,,,,
清远,2022,城市,,,,,,,,,,,,,,,,
温州,2022,城市,24.73,,13.26,,56.02,,6.2299999999999995,,,11.800000000000004,,,,,,
湖北,2022,省域,1.09,19.0,1.0346153846153847,17.0,7.0,17.0,4.606,12.0,,0.266,0.0,1419.0,16.0,,,
湖南,2022,省域,6.35,14.0,4.085714285714286,16.0,12.04,15.0,1.6,23.0,,0.0,174.0,395.0,17.0,,,
湖州,2022,城市,21.4,,9.477083333333335,,41.73708333333333,,3.3600000000000003,,,7.5,,,,,,
湘潭,2022,城市,,,,,,,,,,,,,,,,
湛江,2022,城市,,,,,,,,,,,,,,,,
滨州,2022,城市,28.85,,12.08,,51.830000000000005,,2.1,,,8.800000000000002,,,,,,
潍坊,2022,城市,25.07,,13.187999999999999,,56.78,,6.616,,,11.900000000000004,,,,,,
潮州,2022,城市,,,,,,,,,,,,,,,,
烟台,2022,城市,29.0,,12.34,,59.438,,5.998,,,12.100000000000001,,,,,,
玉林,2022,城市,,,,,,,,,,,,,,,,
珠海,2022,城市,,,,,,,,,,,,,,,,
甘孜,2022,城市,,,,,,,,,,,,,,,,
甘肃,2022,省域,4.13,15.0,0.5238095238095238,19.0,6.15,18.0,1.5,24.0,,0.0,0.0,287.0,17.0,,,
百色,2022,城市,24.39,,10.23375,,38.12375,,1.5,,,2.0,,,,,,
益阳,2022,城市,,,,,,,,,,,,,,,,
盐城,2022,城市,,,,,,,,,,,,,,,,
眉山,2022,城市,23.57,,10.87125,,39.24125,,1.3,,,3.5000000000000004,,,,,,
石嘴山,2022,城市,,,,,,,,,,,,,,,,
福州,2022,城市,24.3,,8.24,,51.824000000000005,,6.484,,,12.800000000000004,,,,,,
福建,2022,省域,15.77,8.0,7.669861111111112,10.0,33.97,7.0,7.028999999999999,7.0,,3.5,2991.0,4082.0,5.0,,,
绍兴,2022,城市,21.54,,9.9075,,41.3475,,2.9,,,7.000000000000002,,,,,,
绵阳,2022,城市,,,,,,,,,,,,,,,,
聊城,2022,城市,25.87,,11.18,,43.598000000000006,,2.948,,,3.5999999999999996,,,,,,
肇庆,2022,城市,,,,,,,,,,,,,,,,
自贡,2022,城市,,,,,,,,,,,,,,,,
舟山,2022,城市,,,,,,,,,,,,,,,,
芜湖,2022,城市,,,,,,,,,,,,,,,,
苏州,2022,城市,,,,,,,,,,,,,,,,
茂名,2022,城市,,,,,,,,,,,,,,,,
荆州,2022,城市,,,,,,,,,,,,,,,,
荆门,2022,城市,,,,,,,,,,,,,,,,
菏泽,2022,城市,25.57,,10.879999999999999,,38.95,,0.5,,,2.0,,,,,,
萍乡,2022,城市,,,,,,,,,,,,,,,,
蚌埠,2022,城市,,,,,1-6,,,,,,,,,,,
衡水,2022,城市,,,,,,,,,,,,,,,,
衢州,2022,城市,24.8,,11.790000000000001,,44.57,,3.1799999999999997,,,4.8,,,,,,
西藏,2022,省域,0.0,22.0,0.0,22.0,1.7,26.0,1.7,22.0,,0.0,0.0,0.0,17.0,,,
贵州,2022,省域,19.45,3.0,16.09936507936508,1.0,56.96,3.0,8.112,4.0,,13.3,3772.0,8089.0,3.0,,,
贵港,2022,城市,25.06,,10.84375,,42.35,,3.8519999999999994,,,2.6,,,,,,
贵阳,2022,城市,23.79,,11.1425,,52.04,,6.314,,,10.8,,,,,,
贺州,2022,城市,,,,,,,,,,,,,,,,
资阳,2022,城市,,,,,,,,,,,,,,,,
赣州,2022,城市,,,,,,,,,,,,,,,,
辽宁,2022,省域,7.7,13.0,12.374464285714286,6.0,26.99,10.0,4.922,11.0,,2.0,71.0,71.0,12.0,,,
辽源,2022,城市,,,,,,,,,,,,,,,,
达州,2022,城市,,,,,,,,,,,,,,,,
运城,2022,城市,,,,,,,,,,,,,,,,
连云港,2022,城市,,,,,,,,,,,,,,,,
遂宁,2022,城市,,,,,,,,,,,,,,,,
遵义,2022,城市,20.17,,14.553333333333333,,44.223333333333336,,1.5,,,8.000000000000002,,,,,,
那曲,2022,城市,,,,,,,,,,,,,,,,
郴州,2022,城市,,,,,,,,,,,,,,,,
鄂尔多斯,2022,城市,,,,,,,,,,,,,,,,
鄂州,2022,城市,,,,,,,,,,,,,,,,
重庆,2022,城市,17.9,,8.20875,,37.92875,,6.62,,,5.2,,,,,,
金华,2022,城市,27.13,,10.85875,,46.37875,,2.59,,,5.800000000000001,,,,,,
钦州,2022,城市,,,,,,,,,,,,,,,,
铜仁,2022,城市,,,,,,,,,,,,,,,,
铜陵,2022,城市,,,,,,,,,,,,,,,,
银川,2022,城市,,,,,,,,,,,,,,,,
锡林郭勒,2022,城市,,,,,,,,,,,,,,,,
镇江,2022,城市,,,,,,,,,,,,,,,,
长沙,2022,城市,,,,,,,,,,,,,,,,
长治,2022,城市,,,,,,,,,,,,,,,,
阜阳,2022,城市,,,,,,,,,,,,,,,,
防城港,2022,城市,,,,,,,,,,,,,,,,
阳江,2022,城市,,,,,,,,,,,,,,,,
阳泉,2022,城市,,,,,,,,,,,,,,,,
阿坝,2022,城市,,,,,,,,,,,,,,,,
阿拉善,2022,城市,,,,,,,,,,,,,,,,
陇南,2022,城市,,,,,,,,,,,,,,,,
陕西,2022,省域,11.88,11.0,6.557916666666666,12.0,21.93,13.0,2.4859999999999998,20.0,,1.0,655.0,756.0,15.0,,,
随州,2022,城市,,,,,,,,,,,,,,,,
雅安,2022,城市,,,,,,,,,,,,,,,,
青岛,2022,城市,29.73,,13.094,,62.84400000000001,,6.619999999999999,,,13.400000000000006,,,,,,
青海,2022,省域,1.5,17.0,0.3,21.0,2.6,24.0,0.8,26.0,,0.0,0.0,0.0,17.0,,,
韶关,2022,城市,,,,,,,,,,,,,,,,
马鞍山,2022,城市,,,,,,,,,,,,,,,,
鹤壁,2022,城市,,,,,,,,,,,,,,,,
鹰潭,2022,城市,,,,,,,,,,,,,,,,
黄冈,2022,城市,,,,,,,,,,,,,,,,
黄山,2022,城市,,,,,,,,,,,,,,,,
黑龙江,2022,省域,0.48,20.0,0.0,22.0,2.98,21.0,2.5,18.0,,0.0,0.0,446.0,17.0,,,
黔东南,2022,城市,,,,,,,,,,,,,,,,
黔南,2022,城市,,,,,,,,,,,,,,,,
三亚,2023,城市,,,,,,,,,,,,,,,,
三明,2023,城市,,,,,,,,,,,,,,,,
上海,2023,城市,24.9,,,,63.57,,11.251999999999999,,,12.0,,,,15.419374999999999,,
东莞,2023,城市,19.38,,,,36.06,,4.696,,,2.0500000000000003,,,,9.931619897959184,,
东营,2023,城市,33.81,,,,62.55,,8.187999999999999,,,6.7700000000000005,,,,13.779585459183673,,
中山,2023,城市,,,,,,,,,,,,,,,,
临沂,2023,城市,22.38,,,,48.24,,7.153999999999999,,,5.33,,,,13.377448979591836,,
丽水,2023,城市,23.4,,,,48.24,,7.94,,,7.750000000000002,,,,9.150656887755101,,
云南,2023,省域,0.3,,,,2.84,,0.81,,,0.7,,,,1.03,,
云浮,2023,城市,,,,,5-10,,,,,,,,,,,
亳州,2023,城市,,,,,,,,,,,,,,,,
佛山,2023,城市,18.93,,,,33.77,,3.7560000000000002,,,1.15,,,,9.931619897959184,,
六安,2023,城市,,,,,,,,,,,,,,,,
六盘水,2023,城市,,,,,,,,,,,,,,,,
兰州,2023,城市,,,,,,,,,,,,,,,,
内蒙古,2023,省域,0.0,,,,6.24,,4.53,,,0.7,,,,1.01,,
凉山,2023,城市,23.86,,,,37.96,,2.6,,,0.7000000000000001,,,,10.797251275510202,,
北京,2023,城市,21.53,,,,40.77,,6.656000000000001,,,5.8500000000000005,,,,6.732378826530612,,
北海,2023,城市,,,,,,,,,,,,,,,,
南京,2023,城市,,,,,,,,,,,,,,,,
南宁,2023,城市,16.9,,,,34.83,,5.58,,,1.5000000000000002,,,,10.846358418367346,,
南平,2023,城市,,,,,,,,,,,,,,,,
厦门,2023,城市,22.43,,,,43.03,,5.034000000000001,,,5.750000000000001,,,,9.814810799319728,,
台州,2023,城市,28.28,,,,58.12,,7.772,,,8.100000000000001,,,,13.966326530612244,,
合肥,2023,城市,,,,,,,,,,,,,,,,
吉林,2023,省域,0.07,,,,7.11,,5.23,,,0.7,,,,1.11,,
吉林,2023,城市,,,,,,,,,,,,,,,,
呼和浩特,2023,城市,,,,,,,,,,,,,,,,
哈尔滨,2023,城市,15.97,,,,34.48,,4.912000000000001,,,3.35,,,,10.246485969387754,,
嘉兴,2023,城市,24.8,,,,43.83,,3.4,,,5.300000000000001,,,,10.331345663265306,,
四川,2023,省域,17.32,,,,45.99,,8.95,,,6.65,,,,13.07,,
天津,2023,城市,21.58,,,,42.57,,7.231999999999999,,,6.46,,,,7.293414115646259,,
威海,2023,城市,31.65,,,,55.39,,6.5699999999999985,,,4.220000000000001,,,,12.954872448979591,,
宁夏,2023,省域,0.85,,,,4.44,,1.92,,,0.7,,,,0.97,,
宁德,2023,城市,,,,,,,,,,,,,,,,
宁波,2023,城市,26.05,,,,50.92,,6.54,,,7.330000000000001,,,,11.001039540816326,,
安徽,2023,省域,8.06,,,,21.4,,5.25,,,0.7,,,,7.39,,
安顺,2023,城市,,,,,,,,,,,,,,,,
宜宾,2023,城市,22.05,,,,36.67,,1.86,,,2.22,,,,10.541230867346938,,
宣城,2023,城市,,,,,,,,,,,,,,,,
宿州,2023,城市,,,,,,,,,,,,,,,,
山东,2023,省域,32.9,,,,72.97,,11.22,,,13.2,,,,15.65,,
山西,2023,省域,0.21,,,,8.48,,2.79,,,0.7,,,,4.78,,
崇左,2023,城市,,,,,,,,,,,,,,,,
平凉,2023,城市,,,,,,,,,,,,,,,,
广东,2023,省域,18.79,,,,44.37,,9.07,,,3.77,,,,12.74,,
广元,2023,城市,,,,,,,,,,,,,,,,
广安,2023,城市,,,,,,,,,,,,,,,,
广州,2023,城市,22.99,,,,46.6,,6.34,,,4.45,,,,12.818159013605442,,
广西,2023,省域,17.48,,,,43.56,,7.83,,,4.98,,,,13.27,,
徐州,2023,城市,,,,,,,,,,,,,,,,
德州,2023,城市,40.79,,,,78.37,,10.138000000000002,,,11.24,,,,16.206262755102042,,
德阳,2023,城市,15.83,,,,36.74,,6.436,,,4.779999999999999,,,,9.698309948979592,,
惠州,2023,城市,,,,,16-32,,,,,,,,,,,
成都,2023,城市,26.63,,,,58.68,,7.632,,,9.850000000000001,,,,14.571116071428573,,
揭阳,2023,城市,,,,,,,,,,,,,,,,
新疆,2023,省域,0.0,,,,6.89,,5.14,,,0.7,,,,1.05,,
无锡,2023,城市,26.4,,,,52.82,,4.392,,,6.8500000000000005,,,,15.179119897959183,,
日照,2023,城市,34.17,,,,67.23,,8.815999999999999,,,8.94,,,,15.302774234693876,,
来宾,2023,城市,21.56,,,,35.37,,1.6199999999999999,,,1.1400000000000001,,,,11.046358418367346,,
杭州,2023,城市,42.77,,,,79.88,,9.969999999999999,,,10.14,,,,16.99732142857143,,
枣庄,2023,城市,25.49,,,,46.57,,3.46,,,4.15,,,,13.473877551020408,,
柳州,2023,城市,,,,,,,,,,,,,,,,
桂林,2023,城市,,,,,,,,,,,,,,,,
梅州,2023,城市,,,,,,,,,,,,,,,,
梧州,2023,城市,,,,,,,,,,,,,,,,
武汉,2023,城市,20.2,,,,43.31,,5.604,,,6.640000000000001,,,,10.867055697278913,,
毕节,2023,城市,,,,,,,,,,,,,,,,
汕头,2023,城市,,,,,,,,,,,,,,,,
汕尾,2023,城市,,,,,,,,,,,,,,,,
江苏,2023,省域,10.32,,,,26.66,,7.44,,,2.05,,,,6.85,,
江西,2023,省域,12.1,,,,29.6,,7.85,,,2.0,,,,7.65,,
江门,2023,城市,,,,,,,,,,,,,,,,
池州,2023,城市,,,,,,,,,,,,,,,,
沈阳,2023,城市,,,,,,,,,,,,,,,,
河北,2023,省域,10.13,,,,17.7,,1.06,,,0.7,,,,5.81,,
河南,2023,省域,0.69,,,,4.87,,2.35,,,0.8,,,,1.03,,
河池,2023,城市,,,,,,,,,,,,,,,,
河源,2023,城市,,,,,,,,,,,,,,,,
泉州,2023,城市,,,,,,,,,,,,,,,,
泰安,2023,城市,23.68,,,,41.77,,2.1,,,3.4299999999999997,,,,12.560899234693878,,
泰州,2023,城市,17.73,,,,35.36,,3.6900000000000004,,,1.8199999999999998,,,,12.117149234693878,,
济南,2023,城市,28.89,,,,63.78,,9.991999999999999,,,9.650000000000002,,,,15.243711734693878,,
济宁,2023,城市,34.97,,,,62.58,,6.17,,,6.390000000000001,,,,15.04767219387755,,
浙江,2023,省域,34.37,,,,78.47,,13.55,,,13.77,,,,16.78,,
海南,2023,省域,15.71,,,,35.2,,8.74,,,0.3,,,,10.45,,
淄博,2023,城市,24.4,,,,47.48,,6.9799999999999995,,,3.75,,,,12.348590561224489,,
淮北,2023,城市,,,,,,,,,,,,,,,,
淮南,2023,城市,,,,,10-16,,,,,,,,,,,
深圳,2023,城市,29.34,,,,59.27,,5.498,,,11.510000000000002,,,,12.917578656462585,,
清远,2023,城市,,,,,,,,,,,,,,,,
温州,2023,城市,29.21,,,,62.46,,8.28,,,11.420000000000003,,,,13.546651785714285,,
湖北,2023,省域,0.59,,,,7.82,,4.98,,,0.87,,,,1.38,,
湖南,2023,省域,8.42,,,,11.46,,0.6,,,0.3,,,,2.14,,
湖州,2023,城市,22.84,,,,43.69,,4.0,,,7.07,,,,9.779421768707483,,
湛江,2023,城市,,,,,,,,,,,,,,,,
滁州,2023,城市,,,,,,,,,,,,,,,,
滨州,2023,城市,22.75,,,,44.44,,6.453999999999999,,,6.15,,,,9.082614795918367,,
漳州,2023,城市,,,,,,,,,,,,,,,,
潍坊,2023,城市,24.63,,,,50.13,,6.5200000000000005,,,6.840000000000001,,,,12.135899234693877,,
潮州,2023,城市,,,,,,,,,,,,,,,,
烟台,2023,城市,24.51,,,,50.68,,6.356,,,7.199999999999999,,,,12.615427295918368,,
玉林,2023,城市,,,,,,,,,,,,,,,,
珠海,2023,城市,,,,,,,,,,,,,,,,
甘肃,2023,省域,3.11,,,,5.94,,1.24,,,0.7,,,,0.89,,
百色,2023,城市,,,,,,,,,,,,,,,,
眉山,2023,城市,,,,,,,,,,,,,,,,
福州,2023,城市,,,,,,,,,,,,,,,,
福建,2023,省域,21.54,,,,48.15,,9.8,,,4.56,,,,12.25,,
绍兴,2023,城市,19.09,,,,33.99,,3.7599999999999993,,,5.640000000000001,,,,5.498622448979591,,
聊城,2023,城市,23.57,,,,42.71,,2.1,,,3.4400000000000004,,,,13.60283163265306,,
肇庆,2023,城市,,,,,,,,,,,,,,,,
舟山,2023,城市,22.99,,,,35.43,,1.3,,,5.09,,,,6.054936224489796,,
芜湖,2023,城市,,,,,,,,,,,,,,,,
苏州,2023,城市,15.11,,,,40.83,,7.752,,,4.8100000000000005,,,,13.161702806122449,,
茂名,2023,城市,,,,,,,,,,,,,,,,
莆田,2023,城市,,,,,,,,,,,,,,,,
菏泽,2023,城市,21.43,,,,41.35,,5.922,,,2.02,,,,11.97406887755102,,
蚌埠,2023,城市,,,,,0-5,,,,,,,,,,,
衢州,2023,城市,24.34,,,,45.22,,3.396,,,5.790000000000001,,,,11.691964285714286,,
西藏,2023,省域,0.0,,,,3.12,,1.54,,,0.7,,,,0.88,,
贵州,2023,省域,20.3,,,,59.96,,12.4,,,10.07,,,,17.19,,
贵港,2023,城市,,,,,,,,,,,,,,,,
贵阳,2023,城市,20.86,,,,50.62,,7.697999999999999,,,8.4,,,,13.666539115646259,,
贺州,2023,城市,,,,,,,,,,,,,,,,
辽宁,2023,省域,12.33,,,,26.88,,3.61,,,0.7,,,,10.24,,
达州,2023,城市,16.77,,,,36.81,,5.76,,,2.0900000000000003,,,,12.185363520408163,,
遵义,2023,城市,15.97,,,,36.94,,2.1,,,5.85,,,,13.01720238095238,,
重庆,2023,城市,12.47,,,,35.12,,8.584,,,4.900000000000001,,,,9.17002551020408,,
金华,2023,城市,16.71,,,,33.22,,3.4899999999999998,,,4.25,,,,8.76890306122449,,
金昌,2023,城市,,,,,,,,,,,,,,,,
钦州,2023,城市,,,,,,,,,,,,,,,,
铜仁,2023,城市,,,,,,,,,,,,,,,,
铜陵,2023,城市,,,,,,,,,,,,,,,,
银川,2023,城市,,,,,,,,,,,,,,,,
镇江,2023,城市,,,,,,,,,,,,,,,,
阜阳,2023,城市,,,,,,,,,,,,,,,,
防城港,2023,城市,,,,,,,,,,,,,,,,
阳江,2023,城市,,,,,,,,,,,,,,,,
陇南,2023,城市,,,,,,,,,,,,,,,,
陕西,2023,省域,10.7,,,,19.42,,4.02,,,0.7,,,,4.0,,
雅安,2023,城市,,,,,,,,,,,,,,,,
青岛,2023,城市,29.12,,,,62.62,,7.8,,,10.540000000000003,,,,15.16,,
青海,2023,省域,0.0,,,,2.2,,1.5,,,0.7,,,,0.0,,
韶关,2023,城市,,,,,,,,,,,,,,,,
马鞍山,2023,城市,,,,,,,,,,,,,,,,
黄山,2023,城市,,,,,,,,,,,,,,,,
黑龙江,2023,省域,0.31,,,,7.95,,5.92,,,0.93,,,,0.79,,
黔东南,2023,城市,,,,,,,,,,,,,,,,
黔南,2023,城市,,,,,,,,,,,,,,,,
黔西南,2023,城市,,,,,,,,,,,,,,,,
龙岩,2023,城市,,,,,,,,,,,,,,,,
七台河,2024,城市,,,,,,,,,,,,,,,,
三亚,2024,城市,,,,,,,,,,,,,,,,
三明,2024,城市,,,,,,,,,,,,,,,,
上海,2024,城市,26.87156470988689,,,,59.097064709886894,,,,,8.2,,,,16.1575,7.868,
上饶,2024,城市,,,,,,,,,,,,,,,,
东莞,2024,城市,19.067097490644205,,,,31.103097490644203,,,,,0.0,,,,9.2,2.836,
东营,2024,城市,31.2277100212833,,,,53.04171002128329,,,,,2.8,,,,12.98,6.034,
中卫,2024,城市,,,,,,,,,,,,,,,,
中山,2024,城市,,,,,10-30,,,,,,,,,,,
临沂,2024,城市,28.621345511212482,,,,48.68534551121248,,,,,1.4,,,,12.8,5.864,
丽水,2024,城市,26.228317367511522,,,,48.370317367511525,,,,,3.7,,,,13.290000000000001,5.152,
乌兰察布,2024,城市,,,,,,,,,,,,,,,,
乌海,2024,城市,,,,,,,,,,,,,,,,
乌鲁木齐,2024,城市,,,,,,,,,,,,,,,,
乐山,2024,城市,,,,,,,,,,,,,,,,
九江,2024,城市,,,,,,,,,,,,,,,,
云南,2024,省域,1.0,,,,4.95,,,,,0.0,,,,0.0,3.95,26.0
云浮,2024,城市,,,,,,,,,,,,,,,,
亳州,2024,城市,,,,,,,,,,,,,,,,
佛山,2024,城市,25.868249325657384,,,,35.56824932565738,,,,,0.0,,,,9.1,0.6,
佳木斯,2024,城市,,,,,,,,,,,,,,,,
克孜勒苏,2024,城市,,,,,,,,,,,,,,,,
克拉玛依,2024,城市,,,,,,,,,,,,,,,,
六安,2024,城市,,,,,,,,,,,,,,,,
六盘水,2024,城市,,,,,,,,,,,,,,,,
兰州,2024,城市,,,,,,,,,,,,,,,,
兴安,2024,城市,,,,,,,,,,,,,,,,
内江,2024,城市,,,,,,,,,,,,,,,,
内蒙古,2024,省域,6.65,,,,19.89,,,,,0.0,,,,8.16,5.08,21.0
凉山,2024,城市,20.628248936697787,,,,32.608248936697784,,,,,1.1,,,,10.28,0.6,
北京,2024,城市,30.123554638380277,,,,53.20888797171361,,,,,5.8,,,,12.073333333333332,5.212,
北海,2024,城市,,,,,,,,,,,,,,,,
十堰,2024,城市,,,,,,,,,,,,,,,,
南京,2024,城市,,,,,,,,,,,,,,,,
南充,2024,城市,,,,,,,,,,,,,,,,
南宁,2024,城市,18.032980891827705,,,,33.34348089182771,,,,,1.1,,,,9.992500000000001,4.218,
南平,2024,城市,,,,,,,,,,,,,,,,
南昌,2024,城市,,,,,,,,,,,,,,,,
南通,2024,城市,,,,,,,,,,,,,,,,
博尔塔拉,2024,城市,,,,,,,,,,,,,,,,
厦门,2024,城市,17.115785811484226,,,,34.88495247815089,,,,,2.5,,,,10.749166666666667,4.52,
双鸭山,2024,城市,,,,,,,,,,,,,,,,
台州,2024,城市,29.641784851714146,,,,60.77578485171415,,,,,8.0,,,,17.240000000000002,5.894,
合肥,2024,城市,,,,,,,,,,,,,,,,
吉安,2024,城市,,,,,,,,,,,,,,,,
吉林,2024,省域,1.46,,,,5.32,,,,,0.0,,,,0.11,3.75,19.0
吉林,2024,城市,,,,,,,,,,,,,,,,
吴忠,2024,城市,,,,,,,,,,,,,,,,
呼和浩特,2024,城市,,,,,,,,,,,,,,,,
咸宁,2024,城市,,,,,,,,,,,,,,,,
哈密,2024,城市,,,,,,,,,,,,,,,,
哈尔滨,2024,城市,21.79077495199718,,,,39.99627495199718,,,,,3.7,,,,10.5775,3.928,
嘉兴,2024,城市,24.834691512911476,,,,38.944691512911476,,,,,2.9,,,,10.21,1.0,
四川,2024,省域,15.25,,,,38.36,,,,,3.0,,,,13.27,6.84,5.0
大兴安岭,2024,城市,,,,,,,,,,,,,,,,
大同,2024,城市,,,,,,,,,,,,,,,,
大庆,2024,城市,,,,,,,,,,,,,,,,
天津,2024,城市,19.82881704369833,,,,34.556983710364996,,,,,2.6,,,,8.504166666666666,3.624,
威海,2024,城市,34.9966589811738,,,,50.8326589811738,,,,,1.1,,,,11.33,3.406,
娄底,2024,城市,,,,,,,,,,,,,,,,
孝感,2024,城市,,,,,,,,,,,,,,,,
宁夏,2024,省域,6.83,,,,16.98,,,,,0.0,,,,6.93,3.22,24.0
宁德,2024,城市,,,,,,,,,,,,,,,,
宁波,2024,城市,23.588618784709915,,,,43.76061878470991,,,,,6.4,,,,9.78,3.992,
安徽,2024,省域,7.4,,,,20.89,,,,,0.0,,,,7.55,5.94,12.0
安阳,2024,城市,,,,,,,,,,,,,,,,
安顺,2024,城市,,,,,,,,,,,,,,,,
宜宾,2024,城市,,,,,,,,,,,,,,,,
宜昌,2024,城市,,,,,,,,,,,,,,,,
宜春,2024,城市,,,,,,,,,,,,,,,,
宜春,2024,城市,,,,,,,,,,,,,,,,
宣城,2024,城市,,,,,,,,,,,,,,,,
宿州,2024,城市,,,,,,,,,,,,,,,,
宿迁,2024,城市,,,,,,,,,,,,,,,,
山东,2024,省域,34.14,,,,71.15,,,,,10.2,,,,16.23,10.58,2.0
山西,2024,省域,5.63,,,,17.200000000000003,,,,,0.6,,,,6.61,4.36,16.0
岳阳,2024,城市,,,,,,,,,,,,,,,,
崇左,2024,城市,,,,,,,,,,,,,,,,
巴中,2024,城市,,,,,,,,,,,,,,,,
常州,2024,城市,,,,,,,,,,,,,,,,
常德,2024,城市,,,,,,,,,,,,,,,,
平凉,2024,城市,,,,,,,,,,,,,,,,
广东,2024,省域,16.26,,,,37.849999999999994,,,,,2.3,,,,11.9,7.39,6.0
广元,2024,城市,,,,,,,,,,,,,,,,
广安,2024,城市,,,,,,,,,,,,,,,,
广州,2024,城市,23.83027623874082,,,,45.14294290540749,,,,,2.4,,,,14.446666666666667,4.466,
广西,2024,省域,14.18,,,,36.98,,,,,2.4,,,,13.07,7.33,7.0
张家口,2024,城市,,,,,,,,,,,,,,,,
徐州,2024,城市,,,,,,,,,,,,,,,,
德州,2024,城市,37.93067252584138,,,,71.01867252584138,,,,,8.7,,,,17.55,6.838,
德阳,2024,城市,16.44175307219662,,,,32.39375307219662,,,,,1.4,,,,10.18,4.372,
恩施,2024,城市,,,,,,,,,,,,,,,,
惠州,2024,城市,,,,,,,,,,,,,,,,
成都,2024,城市,29.53645854462577,,,,53.956458544625775,,,,,6.0,,,,13.580000000000002,4.84,
扬州,2024,城市,,,,,,,,,,,,,,,,
承德,2024,城市,,,,,,,,,,,,,,,,
抚州,2024,城市,,,,,,,,,,,,,,,,
拉萨,2024,城市,,,,,,,,,,,,,,,,
揭阳,2024,城市,,,,,,,,,,,,,,,,
攀枝花,2024,城市,,,,,,,,,,,,,,,,
新余,2024,城市,,,,,,,,,,,,,,,,
新疆,2024,省域,1.11,,,,5.180000000000001,,,,,0.0,,,,0.21,3.86,20.0
无锡,2024,城市,28.299251094470044,,,,53.421251094470044,,,,,5.0,,,,15.809999999999999,4.312,
日照,2024,城市,35.43737794738863,,,,65.18537794738863,,,,,6.6,,,,16.95,6.198,
昌吉,2024,城市,,,,,,,,,,,,,,,,
昭通,2024,城市,,,,,,,,,,,,,,,,
晋城,2024,城市,,,,,,,,,,,,,,,,
景德镇,2024,城市,,,,,,,,,,,,,,,,
朔州,2024,城市,,,,,,,,,,,,,,,,
来宾,2024,城市,,,,,,,,,,,,,,,,
杭州,2024,城市,46.16654645688233,,,,81.52654645688233,,,,,8.8,,,,18.59,7.97,
林芝,2024,城市,,,,,,,,,,,,,,,,
枣庄,2024,城市,27.490987597166182,,,,49.36698759716618,,,,,4.4,,,,13.080000000000002,4.396,
柳州,2024,城市,,,,,,,,,,,,,,,,
桂林,2024,城市,,,,,,,,,,,,,,,,
梅州,2024,城市,,,,,,,,,,,,,,,,
梧州,2024,城市,,,,,,,,,,,,,,,,
武汉,2024,城市,21.07606989472324,,,,38.1547365613899,,,,,2.4,,,,10.926666666666668,3.752,
毕节,2024,城市,,,,,,,,,,,,,,,,
永州,2024,城市,,,,,,,,,,,,,,,,
汕头,2024,城市,,,,,,,,,,,,,,,,
汕尾,2024,城市,,,,,,,,,,,,,,,,
江苏,2024,省域,12.33,,,,31.01,,,,,0.2,,,,11.37,7.11,11.0
江西,2024,省域,11.12,,,,28.29,,,,,0.0,,,,10.95,6.22,9.0
江门,2024,城市,,,,,,,,,,,,,,,,
池州,2024,城市,,,,,1-5,,,,,,,,,,,
沈阳,2024,城市,20.379996495422528,,,,34.99949649542253,,,,,1.1,,,,9.927499999999998,3.592,
河北,2024,省域,13.17,,,,16.53,,,,,0.0,,,,3.36,0.0,14.0
河南,2024,省域,1.0,,,,1.66,,,,,0.2,,,,0.06,0.4,23.0
河池,2024,城市,,,,,,,,,,,,,,,,
河源,2024,城市,,,,,,,,,,,,,,,,
泉州,2024,城市,,,,,,,,,,,,,,,,
泰安,2024,城市,31.451135541474656,,,,49.601135541474655,,,,,2.9,,,,13.15,2.1,
泰州,2024,城市,19.34818205797888,,,,33.45151539131221,,,,,1.1,,,,11.163333333333332,1.84,
泸州,2024,城市,,,,,,,,,,,,,,,,
济南,2024,城市,43.49454649308262,,,,79.48854649308264,,,,,12.2,,,,17.130000000000003,6.664,
济宁,2024,城市,34.87930454343563,,,,62.54330454343563,,,,,9.4,,,,13.069999999999999,5.194,
浙江,2024,省域,27.51,,,,64.15,,,,,9.4,,,,15.48,11.76,1.0
海南,2024,省域,12.59,,,,28.91,,,,,0.0,,,,10.46,5.86,8.0
淄博,2024,城市,18.828043560522715,,,,39.618043560522715,,,,,2.5,,,,12.95,5.34,
淮北,2024,城市,,,,,,,,,,,,,,,,
淮南,2024,城市,,,,,,,,,,,,,,,,
淮安,2024,城市,,,,,,,,,,,,,,,,
深圳,2024,城市,31.957737435005942,,,,53.450904101672606,,,,,5.8,,,,12.629166666666666,3.064,
清远,2024,城市,,,,,,,,,,,,,,,,
温州,2024,城市,39.216614718614714,,,,68.64861471861472,,,,,8.4,,,,15.0,6.032,
湖北,2024,省域,3.07,,,,18.46,,,,,0.0,,,,11.36,4.03,18.0
湖南,2024,省域,6.31,,,,10.899999999999999,,,,,0.2,,,,3.99,0.4,15.0
湖州,2024,城市,,,,,,,,,,,,,,,,
湘潭,2024,城市,,,,,,,,,,,,,,,,
湛江,2024,城市,,,,,,,,,,,,,,,,
滁州,2024,城市,,,,,,,,,,,,,,,,
滨州,2024,城市,26.161113016291864,,,,54.47911301629186,,,,,7.4,,,,14.3,6.618,
漳州,2024,城市,,,,,,,,,,,,,,,,
潍坊,2024,城市,25.30799858958246,,,,46.68199858958246,,,,,3.5,,,,12.830000000000002,5.044,
潮州,2024,城市,,,,,,,,,,,,,,,,
烟台,2024,城市,28.18112727970261,,,,50.23112727970261,,,,,6.2,,,,12.809999999999999,3.04,
牡丹江,2024,城市,,,,,,,,,,,,,,,,
玉林,2024,城市,,,,,,,,,,,,,,,,
珠海,2024,城市,,,,,,,,,,,,,,,,
甘孜,2024,城市,,,,,,,,,,,,,,,,
甘肃,2024,省域,1.0,,,,1.54,,,,,0.0,,,,0.14,0.4,22.0
百色,2024,城市,,,,,,,,,,,,,,,,
益阳,2024,城市,,,,,,,,,,,,,,,,
盐城,2024,城市,,,,,,,,,,,,,,,,
眉山,2024,城市,,,,,,,,,,,,,,,,
石嘴山,2024,城市,,,,,,,,,,,,,,,,
福州,2024,城市,22.222734751110607,,,,37.38940141777727,,,,,0.3,,,,9.846666666666668,5.02,
福建,2024,省域,20.72,,,,50.32,,,,,4.1,,,,16.07,9.43,4.0
绍兴,2024,城市,18.467235821103927,,,,34.687235821103926,,,,,3.8,,,,10.01,2.41,
绥化,2024,城市,,,,,,,,,,,,,,,,
绵阳,2024,城市,,,,,,,,,,,,,,,,
聊城,2024,城市,26.223305899006455,,,,44.09330589900645,,,,,3.5,,,,12.77,1.6,
肇庆,2024,城市,,,,,,,,,,,,,,,,
自贡,2024,城市,,,,,,,,,,,,,,,,
舟山,2024,城市,20.850964012625035,,,,33.36096401262503,,,,,2.3,,,,9.209999999999999,1.0,
芜湖,2024,城市,,,,,,,,,,,,,,,,
苏州,2024,城市,23.830651113671273,,,,47.680651113671274,,,,,1.3,,,,14.61,7.94,
茂名,2024,城市,,,,,,,,,,,,,,,,
荆州,2024,城市,,,,,,,,,,,,,,,,
荆门,2024,城市,,,,,,,,,,,,,,,,
莆田,2024,城市,,,,,,,,,,,,,,,,
菏泽,2024,城市,26.04437714962329,,,,46.74237714962329,,,,,2.4,,,,12.739999999999998,5.558,
萍乡,2024,城市,,,,,,,,,,,,,,,,
蚌埠,2024,城市,,,,,5-10,,,,,,,,,,,
衡水,2024,城市,,,,,,,,,,,,,,,,
衢州,2024,城市,23.695865920515104,,,,38.9918659205151,,,,,3.5,,,,9.3,2.496,
襄阳,2024,城市,,,,,,,,,,,,,,,,
西安,2024,城市,,,,,,,,,,,,,,,,
西藏,2024,省域,1.0,,,,3.25,,,,,0.0,,,,0.21,2.04,25.0
贵州,2024,省域,19.98,,,,56.98,,,,,8.1,,,,18.15,10.75,3.0
贵港,2024,城市,,,,,,,,,,,,,,,,
贵阳,2024,城市,24.734988949077266,,,,48.58898894907727,,,,,3.1,,,,13.819999999999999,6.934,
贺州,2024,城市,,,,,,,,,,,,,,,,
资阳,2024,城市,,,,,,,,,,,,,,,,
赣州,2024,城市,,,,,,,,,,,,,,,,
辽宁,2024,省域,7.66,,,,22.97,,,,,0.0,,,,12.28,3.03,10.0
辽源,2024,城市,,,,,,,,,,,,,,,,
达州,2024,城市,21.474165879416283,,,,39.87216587941628,,,,,1.4,,,,14.030000000000001,2.968,
运城,2024,城市,,,,,,,,,,,,,,,,
连云港,2024,城市,,,,,,,,,,,,,,,,
遂宁,2024,城市,,,,,,,,,,,,,,,,
遵义,2024,城市,15.981902318141582,,,,32.83190231814159,,,,,2.2,,,,13.55,1.1,
那曲,2024,城市,,,,,,,,,,,,,,,,
郴州,2024,城市,,,,,,,,,,,,,,,,
鄂尔多斯,2024,城市,,,,,,,,,,,,,,,,
鄂州,2024,城市,,,,,,,,,,,,,,,,
重庆,2024,城市,18.89949400921659,,,,35.159494009216594,,,,,2.6,,,,7.83,5.83,
金华,2024,城市,21.054314938491693,,,,35.894314938491696,,,,,2.6,,,,9.41,2.83,
金昌,2024,城市,,,,,,,,,,,,,,,,
钦州,2024,城市,,,,,,,,,,,,,,,,
铜仁,2024,城市,,,,,,,,,,,,,,,,
铜陵,2024,城市,,,,,,,,,,,,,,,,
银川,2024,城市,,,,,,,,,,,,,,,,
锡林郭勒,2024,城市,,,,,,,,,,,,,,,,
镇江,2024,城市,20.527989960450682,,,,32.07798996045068,,,,,1.1,,,,9.85,0.6,
长沙,2024,城市,,,,,,,,,,,,,,,,
长治,2024,城市,,,,,,,,,,,,,,,,
阜阳,2024,城市,,,,,0-1,,,,,,,,,,,
防城港,2024,城市,,,,,,,,,,,,,,,,
阳江,2024,城市,,,,,,,,,,,,,,,,
阳泉,2024,城市,,,,,,,,,,,,,,,,
阿坝,2024,城市,,,,,,,,,,,,,,,,
阿拉善,2024,城市,,,,,,,,,,,,,,,,
陇南,2024,城市,,,,,,,,,,,,,,,,
陕西,2024,省域,1.02,,,,5.250000000000001,,,,,0.2,,,,0.55,3.48,13.0
随州,2024,城市,,,,,,,,,,,,,,,,
雅安,2024,城市,,,,,,,,,,,,,,,,
青岛,2024,城市,28.25471857004918,,,,50.96671857004918,,,,,4.8,,,,12.95,4.962,
青海,2024,省域,1.0,,,,1.4,,,,,0.0,,,,0.0,0.4,27.0
韶关,2024,城市,,,,,,,,,,,,,,,,
马鞍山,2024,城市,,,,,,,,,,,,,,,,
鸡西,2024,城市,,,,,,,,,,,,,,,,
鹤壁,2024,城市,,,,,,,,,,,,,,,,
鹤岗,2024,城市,,,,,,,,,,,,,,,,
鹰潭,2024,城市,,,,,,,,,,,,,,,,
黄冈,2024,城市,,,,,,,,,,,,,,,,
黄山,2024,城市,,,,,,,,,,,,,,,,
黄石,2024,城市,,,,,,,,,,,,,,,,
黑河,2024,城市,,,,,,,,,,,,,,,,
黑龙江,2024,省域,6.04,,,,23.75,,,,,1.1,,,,10.63,5.98,17.0
黔东南,2024,城市,,,,,,,,,,,,,,,,
黔南,2024,城市,,,,,,,,,,,,,,,,
黔西南,2024,城市,,,,,,,,,,,,,,,,
齐齐哈尔,2024,城市,,,,,,,,,,,,,,,,
龙岩,2024,城市,,,,,,,,,,,,,,,,
